<?xml version="1.0" encoding="UTF-8" standalone="yes"?>
<addon id="repository.X-Zot-Iks"
       name="    [COLORyellow]•[COLORspringgreen]X[COLORyellow]j[COLORblue]Ç[COLORyellow]• [COLORspringgreen]X-Zot-Iks [COLORyellow]Jungle [COLORblue]Club [COLORspringgreen]Repository[/COLOR]"
       version="19.08.11"
       provider-name="[COLORyellow]• [COLORblue]Tech [COLORyellow]E [COLORspringgreen]Coyote [COLORyellow]•[/COLOR]">
    <extension point="xbmc.addon.repository" name="   [COLORyellow]•[COLORspringgreen]X[COLORyellow]j[COLORblue]Ç[COLORyellow]• [COLORspringgreen]Repository[/COLOR]">
        <info compressed="false">http://xzotiks.com/REPO/addons.xml</info>
        <checksum>http://xzotiks.com/REPO/addons.xml.md5</checksum>
        <datadir zip="true">http://xzotiks.com/REPO/zips/</datadir>
    </extension>
    <extension point="xbmc.addon.metadata">
        <summary>[COLORyellow]•[COLORspringgreen] X-Zot-Iks[COLORyellow] Jungle[COLORblue] Çlub[COLORyellow] • [COLORwhite]Repository[/COLOR]</summary>
        <description>[COLORyellow]•[COLORspringgreen] X-Zot-Iks[COLORyellow] Jungle[COLORblue] Çlub[COLORyellow] • [COLORwhite]Repository[/COLOR]</description>
        <platform>all</platform>
    <assets>
        <icon>icon.gif</icon>
        <fanart>fanart.jpg</fanart>
    </assets>
    </extension>
</addon>