<?xml version="1.0" encoding="UTF-8" standalone="yes"?>
		<addon id="repository.streamdigitalrepo" name="[COLORsteelblue]S[/COLOR][COLORred]tream[/COLOR][COLORsteelblue] D[COLORred]igital[/COLOR][COLORsteelblue] R[COLORred]epo[/COLOR]" version="1.5" provider-name="SD Team">
			<extension point="xbmc.addon.repository" name="Stream Digital Repository">
			<dir>
				<info compressed="false">https://raw.githubusercontent.com/noobsandnerds/modules4all/master/zips/addons.xml</info>
				<checksum>https://raw.githubusercontent.com/noobsandnerds/modules4all/master/zips/addons.xml.md5</checksum>
				<datadir zip="true">https://raw.githubusercontent.com/noobsandnerds/modules4all/master/zips/</datadir>
			</dir>
		<dir>
			<info compressed="false">https://raw.githubusercontent.com/totalrevolution/python-koding/master/zips/addons.xml</info>
			<checksum>https://raw.githubusercontent.com/totalrevolution/python-koding/master/zips/addons.xml.md5</checksum>
			<datadir zip="true">https://raw.githubusercontent.com/totalrevolution/python-koding/master/zips/</datadir>
		</dir>
		<dir>
            <info compressed="false">https://raw.githubusercontent.com/jenaddon/repository.jenrepo/master/zips/addons.xml</info>
            <checksum>https://raw.githubusercontent.com/jenaddon/repository.jenrepo/master/zips/addons.xml.md5</checksum>
            <datadir zip="true">https://raw.githubusercontent.com/jenaddon/repository.jenrepo/master/zips/</datadir>
            <hashes>false</hashes>
        </dir>
        <dir>
            <info compressed="false">https://raw.githubusercontent.com/teamuniversal/scrapers/master/_modules4all/zips/addons.xml</info>
            <checksum>https://raw.githubusercontent.com/teamuniversal/scrapers/master/_modules4all/zips/addons.xml.md5</checksum>
            <datadir zip="true">https://raw.githubusercontent.com/teamuniversal/scrapers/master/_modules4all/zips/</datadir>
        </dir>
        <dir>
            <info compressed="false">https://raw.githubusercontent.com/jsergio123/zips/master/addons.xml</info>
            <checksum>https://raw.githubusercontent.com/jsergio123/zips/master/addons.xml.md5</checksum>
            <datadir zip="true">https://raw.githubusercontent.com/jsergio123/zips/master/</datadir>
        </dir>
		<dir>
			<info compressed="false">https://github.com/tvaddonsco/tva-resolvers-repo/raw/master/addons.xml</info>
			<checksum>https://github.com/tvaddonsco/tva-resolvers-repo/raw/master/addons.xml.md5</checksum>
			<datadir zip="true">https://github.com/tvaddonsco/tva-resolvers-repo/raw/master/zips/</datadir>
	    </dir>
			<info compressed="false">http://sdwteam.com/zips/addons.xml</info>
            <checksum>http://sdwteam.com/zips/addons.xml.md5</checksum>
            <datadir zip="true">http://sdwteam.com/zips/</datadir>
			</extension>
			<extension point="xbmc.addon.metadata">
			<summary>SD Repo</summary>
            <description>Download and Install Addons From Stream Digital..</description>
			<language></language>
			<platform>all</platform>
			<license>GNU GENERAL PUBLIC LICENSE. Version 2, June 1991</license>
		 </extension>
		</addon>