<?xml version="1.0" encoding="utf-8"?>
<window>
	<defaultcontrol always="false">1001</defaultcontrol>
	<coordinates>
		<left>390</left>
		<top>235</top>
	</coordinates>
	<animation effect="fade" time="250">WindowOpen</animation>
	<animation effect="fade" time="250">WindowClose</animation>
	<controls>
		<control type='group'>
			<description>Background Image</description>
			<width>500</width>
			<height>250</height>
			<control type="image">
				<texture >dgray.png</texture>
				<bordertexture colordiffuse=$INFO[Window().Property(COLOR)] border="5">square.png</bordertexture>
				<bordersize>5</bordersize>
			</control>
			<control type="image">
				<description>Background Image</description>
				<aspectratio>scale</aspectratio>
				<texture colordiffuse='60436b78'>km-background.png</texture>
			</control>
		</control>
		<control type="label" id="2000">
			<description>header label</description>
			<posx>10</posx>
			<posy>10</posy>
			<width>480</width>
			<height>50</height>
			<font>font13</font>
			<textcolor>$INFO[Window().Property(COLOR)]</textcolor>
			<shadowcolor>dimgray</shadowcolor>
		</control>
		<control type='button' id='1000'>
			<description>Close Button</description>
			<width>25</width>
			<height>25</height>
			<top>0</top>
			<left>575</left>
			<ondown>101</ondown>
			<texturefocus colordiffuse='black'>closeX.png</texturefocus>
			<texturenofocus colordiffuse='darkgray'>closeX.png</texturenofocus>
			<onclick>PreviousMenu</onclick>
			<visible>system.getbool(input.enablemouse)</visible>
		</control>
		<control type="textbox" id="2001">
			<description>text</description>
			<top>55</top>
			<left>20</left>
			<width>460</width>
			<height>150</height>
			<font>font13</font>
			<align>justfiy</align>
			<textcolor>$INFO[Window().Property(COLOR)]</textcolor>
			<shadowcolor>gray</shadowcolor>
		</control>
		<control type='grouplist' id='1001'>
			<top>210</top>
			<left>10</left>
			<height>35</height>
			<width>480</width>
			<align>center</align>
			<scrolltime tween="sine">200</scrolltime>
			<orientation>horizontal</orientation>
			<itemgap>10</itemgap>
			<control type='button' id='1002'>
				<description>OK Button</description>
				<animation effect='zoom' time='100' center='auto' end='102'>focus</animation>
				<texturefocus colordiffuse=$INFO[Window().Property(COLOR)] >square.png</texturefocus>
				<texturenofocus colordiffuse='gray' >square.png</texturenofocus>
				<width>90</width>
				<height>30</height>
				<label>OK</label>
				<font>font13</font>
				<align>center</align>
				<aligny>center</aligny>
				<textcolor>$INFO[Window().Property(COLOR)]</textcolor>
				<shadowcolor>black</shadowcolor>
				<focusedcolor>dimgray</focusedcolor>
			</control>
			<control type='button' id='1003'>
				<description>Yes Button</description>
				<animation effect='zoom' time='100' center='auto' end='102'>focus</animation>
				<texturefocus colordiffuse=$INFO[Window().Property(COLOR)] >square.png</texturefocus>
				<texturenofocus colordiffuse='gray' >square.png</texturenofocus>
				<width>90</width>
				<height>30</height>
				<label>Yes</label>
				<font>font13</font>
				<align>center</align>
				<aligny>center</aligny>
				<textcolor>$INFO[Window().Property(COLOR)]</textcolor>
				<shadowcolor>black</shadowcolor>
				<focusedcolor>dimgray</focusedcolor>
			</control>
			<control type='button' id='1004'>
				<description>No Button</description>
				<animation effect='zoom' time='100' center='auto' end='102'>focus</animation>
				<texturefocus colordiffuse=$INFO[Window().Property(COLOR)] >square.png</texturefocus>
				<texturenofocus colordiffuse='gray' >square.png</texturenofocus>
				<width>90</width>
				<height>30</height>
				<label>No</label>
				<font>font13</font>
				<align>center</align>
				<aligny>center</aligny>
				<textcolor>$INFO[Window().Property(COLOR)]</textcolor>
				<shadowcolor>black</shadowcolor>
				<focusedcolor>dimgray</focusedcolor>
			</control>
			<control type='button' id='1005'>
				<description>No Button</description>
				<animation effect='zoom' time='100' center='auto' end='102'>focus</animation>
				<texturefocus colordiffuse=$INFO[Window().Property(COLOR)] >square.png</texturefocus>
				<texturenofocus colordiffuse='gray' >square.png</texturenofocus>
				<width>90</width>
				<height>30</height>
				<label>Remind Later</label>
				<font>font13</font>
				<align>center</align>
				<aligny>center</aligny>
				<textcolor>$INFO[Window().Property(COLOR)]</textcolor>
				<shadowcolor>black</shadowcolor>
				<focusedcolor>dimgray</focusedcolor>
			</control>
		</control>
	</controls>
</window>