<?xml version="1.0" encoding="utf-8"?>
<window>
	<defaultcontrol always="false">1001</defaultcontrol>
	<coordinates>
		<left>260</left>
		<top>110</top>
	</coordinates>
	<animation effect="fade" time="250">WindowOpen</animation>
	<animation effect="fade" time="250">WindowClose</animation>
	<controls>
		<control type='group'>
			<description>Background Image</description>
			<width>750</width>
			<height>500</height>
			<control type="image">
				<texture >dgray.png</texture>
				<bordertexture colordiffuse=$INFO[Window().Property(COLOR)] border="5">square.png</bordertexture>
				<bordersize>5</bordersize>
			</control>
			<control type="image">
				<description>Background Image</description>
				<aspectratio>scale</aspectratio>
				<texture colordiffuse='60436b78'>km-background.png</texture>
			</control>
		</control>
		<control type="label" id="2000">
			<description>header label</description>
			<posx>10</posx>
			<posy>10</posy>
			<width>730</width>
			<height>50</height>
			<font>font13</font>
			<textcolor>$INFO[Window().Property(COLOR)]</textcolor>
			<shadowcolor>dimgray</shadowcolor>
		</control>
		<control type='grouplist' id='1001'>
			<top>70</top>
			<left>620</left>
			<height>480</height>
			<width>105</width>
			<alignx>center</alignx>
			<aligny>top</aligny>
			<scrolltime tween="sine">200</scrolltime>
			<orientation>vertical</orientation>
			<itemgap>10</itemgap>
			<onleft>3000</onleft>
			<control type='button' id='1002'>
				<description>OK Button</description>
				<animation effect='zoom' time='100' center='auto' end='102'>focus</animation>
				<texturefocus colordiffuse=$INFO[Window().Property(COLOR)] >square.png</texturefocus>
				<texturenofocus colordiffuse='gray' >square.png</texturenofocus>
				<width>90</width>
				<height>30</height>
				<label>OK</label>
				<font>font13</font>
				<align>center</align>
				<aligny>center</aligny>
				<textcolor>$INFO[Window().Property(COLOR)]</textcolor>
				<shadowcolor>black</shadowcolor>
				<focusedcolor>dimgray</focusedcolor>
			</control>
			<control type='button' id='1003'>
				<description>Yes Button</description>
				<animation effect='zoom' time='100' center='auto' end='102'>focus</animation>
				<texturefocus colordiffuse=$INFO[Window().Property(COLOR)] >square.png</texturefocus>
				<texturenofocus colordiffuse='gray' >square.png</texturenofocus>
				<width>90</width>
				<height>30</height>
				<label>Yes</label>
				<font>font13</font>
				<align>center</align>
				<aligny>center</aligny>
				<textcolor>$INFO[Window().Property(COLOR)]</textcolor>
				<shadowcolor>black</shadowcolor>
				<focusedcolor>dimgray</focusedcolor>
			</control>
			<control type='button' id='1004'>
				<description>No Button</description>
				<animation effect='zoom' time='100' center='auto' end='102'>focus</animation>
				<texturefocus colordiffuse=$INFO[Window().Property(COLOR)] >square.png</texturefocus>
				<texturenofocus colordiffuse='gray' >square.png</texturenofocus>
				<width>90</width>
				<height>30</height>
				<label>No</label>
				<font>font13</font>
				<align>center</align>
				<aligny>center</aligny>
				<textcolor>$INFO[Window().Property(COLOR)]</textcolor>
				<shadowcolor>black</shadowcolor>
				<focusedcolor>dimgray</focusedcolor>
			</control>
			<control type='button' id='1005'>
				<description>No Button</description>
				<animation effect='zoom' time='100' center='auto' end='102'>focus</animation>
				<texturefocus colordiffuse=$INFO[Window().Property(COLOR)] >square.png</texturefocus>
				<texturenofocus colordiffuse='gray' >square.png</texturenofocus>
				<width>90</width>
				<height>30</height>
				<label>Remind Later</label>
				<font>font13</font>
				<align>center</align>
				<aligny>center</aligny>
				<textcolor>$INFO[Window().Property(COLOR)]</textcolor>
				<shadowcolor>black</shadowcolor>
				<focusedcolor>dimgray</focusedcolor>
			</control>
			<control type='button' id='1006'>
				<description>Close Button</description>
				<animation effect='zoom' time='100' center='auto' end='102'>focus</animation>
				<texturefocus colordiffuse=$INFO[Window().Property(COLOR)] >square.png</texturefocus>
				<texturenofocus colordiffuse='gray' >square.png</texturenofocus>
				<width>90</width>
				<height>30</height>
				<label>Close</label>
				<font>font13</font>
				<align>center</align>
				<aligny>center</aligny>
				<textcolor>$INFO[Window().Property(COLOR)]</textcolor>
				<shadowcolor>black</shadowcolor>
				<focusedcolor>dimgray</focusedcolor>
			</control>
		</control>
		<control type="list" id="3000">
			<description>list container</description>
			<left>10</left>
			<top>60</top>
			<width>500</width>
			<height>650</height>
			<visible>true</visible>
			<onup>104</onup>
			<ondown></ondown>
			<onleft></onleft>
			<onright>1001</onright>
			<viewtype label="3D list">list</viewtype>
			<orientation>vertical</orientation>
			<pagecontrol>202</pagecontrol>
			<scrolltime tween="sine" easing="out">200</scrolltime>
			<itemlayout width="500" height="40">
				<control type="image">
					<left>5</left>
					<top>4</top>
					<width>32</width>
					<height>32</height>
					<info>ListItem.Icon</info>
				</control>
				<control type="label">
					<left>42</left>
					<top>4</top>
					<width>450</width>
					<height>40</height>
					<font>font13</font>
					<aligny>center</aligny>
					<textcolor>$INFO[Window().Property(COLOR)]</textcolor>
					<shadowcolor>black</shadowcolor>
					<align>left</align>
					<info>ListItem.Label</info>
				</control>
			</itemlayout>
			<focusedlayout  width="500" height="40">
				<control type="image">
					<width>500</width>
					<height>40</height>
					<left>0</left>
					<top>0</top>
					<visible>Control.HasFocus(3000)</visible>
					<texture colordiffuse=$INFO[Window().Property(COLOR)]>square.png</texture>
				</control>
				<control type="image">
					<left>5</left>
					<top>4</top>
					<width>32</width>
					<height>32</height>
					<info>ListItem.Icon</info>
					<animation effect="zoom" end="110" center="auto" time="100">focus</animation>
				</control>
				<control type="label">
					<left>42</left>
					<top>4</top>
					<width>450</width>
					<height>40</height>
					<font>font13</font>
					<aligny>center</aligny>
					<textcolor>darkgray</textcolor>
					<shadowcolor>black</shadowcolor>
					<align>left</align>
					<info>ListItem.Label</info>
				</control>
			</focusedlayout>
		</control>
	</controls>
</window>