<?xml version="1.0" encoding="utf-8"?>
<window>
	<defaultcontrol always="false">104</defaultcontrol>
	<coordinates>
		<left>0</left>
		<top>0</top>
	</coordinates>
	<visible>!Player.HasMedia</visible>
	<animation effect="fade" time="150">WindowOpen</animation>
	<animation effect="fade" time="500">WindowClose</animation>
	<controls>
		<control type="image">
			<description>Background Image</description>
			<width>100%</width>
			<height>100%</height>
			<aspectratio>scale</aspectratio>
			<texture>service-background2.png</texture>
		</control>
		<control type="image" id="3000">
			<description>fade image for menu list left to right</description>
			<width>1280</width>
			<height>720</height>
			<texture>service-fade-x-x.png</texture>
			<visible>Control.IsVisible(3000)</visible>
		</control>
		<control type="image" id="3001">
			<description>fade image for menu list right to left</description>
			<width>1280</width>
			<height>720</height>
			<texture flipx="true">service-fade-x-x.png</texture>
			<visible>Control.IsVisible(3001)</visible>
		</control>
		<control type="image" id="3002">
			<description>fade image for menu list top to bottom</description>
			<width>1280</width>
			<height>720</height>
			<texture>service-fade-y-y.png</texture>
			<visible>Control.IsVisible(3002)</visible>
		</control>
		<control type="image" id="3003">
			<description>fade image for menu list bottom to top</description>
			<width>1280</width>
			<height>720</height>
			<texture flipx="true">service-fade-y-y.png</texture>
			<visable>Control.IsVisible(3003)</visable>
		</control>
		<control type="label">
			<left>880</left>
			<top>0</top>
			<width>400</width>
			<height>30</height>
			<font>font13</font>
			<textcolor>$INFO[Window().Property(COLOR)]</textcolor>
			<shadowcolor>white</shadowcolor>
			<label>$INFO[System.Date(DDD)], $INFO[System.Date(dd)] $INFO[System.Date(MMM)] $INFO[System.Time]</label>
			<align>right</align>
			<scroll>true</scroll>
		</control>
		<control type="button" id="1000">
			<top>10</top>
			<left>10</left>
			<height>75</height>
			<width>75</width>
			<onright></onright>
			<ondown>2000</ondown>
			<texturefocus>back-arrow.png</texturefocus>
			<texturenofocus>back-arrow.png</texturenofocus>
			<animation effect="zoom" end="110" center="auto" time="200">Focus</animation>
		</control>
		<control type="list" id="2000">
			<left>50</left>
			<top>100</top>
			<width>550</width>
			<height>600</height>
			<onleft>2001</onleft>
			<onright condition="Player.Playing">4001</onright>
			<onright condition="!Player.Playing">4002</onright>
			<onup>1000</onup>
			<ondown></ondown>
			<pagecontrol>2001</pagecontrol>
			<scrolltime tween="quadratic" easing="out">300</scrolltime>
			<orientation>vertical</orientation>
			<itemlayout height="55" width="550">
				<control type="label">
					<left>0</left>
					<top>0</top>
					<width>550</width>
					<height>45</height>
					<font>font60</font>
					<aligny>center</aligny>
					<textcolor>FFBA55D3</textcolor>
					<shadowcolor>white</shadowcolor>
					<align>left</align>
					<aligny>center</aligny>
					<label>$INFO[ListItem.label]</label>
				</control>
			</itemlayout>
			<focusedlayout height="55" width="550">
				<control type="label">
					<left>0</left>
					<top>0</top>
					<width>550</width>
					<height>45</height>
					<font>font60</font>
					<aligny>center</aligny>
					<align>left</align>
					<textcolor>white</textcolor>
					<scroll>true</scroll>
					<shadowcolor>$INFO[Window().Property(COLOR)]</shadowcolor>
					<label>[B]$INFO[ListItem.label][/B]</label>
				</control>
			</focusedlayout>
		</control>
		<control type="scrollbar" id="2001">
			<left>1</left>
			<top>100</top>
			<width>5</width>
			<height>600</height>
			<texturesliderbackground border="0,5,0,5">square.png</texturesliderbackground>
			<texturesliderbar border="0,5,0,5" colordiffuse="ff9370DB">square.png</texturesliderbar>
			<texturesliderbarfocus  border="0,5,0,5" colordiffuse=$INFO[Window().Property(COLOR)]>square.png</texturesliderbarfocus>
			<textureslidernib></textureslidernib>
			<textureslidernibfocus></textureslidernibfocus>
			<onleft></onleft>
			<onright>2000</onright>
			<ondown></ondown>
			<onup>1000</onup>
			<showonepage>true</showonepage>
			<orientation>vertical</orientation>
			<visible>true</visible>
		</control>
		<control type="scrollbar" id="4002">
			<left>1270</left>
			<top>100</top>
			<width>5</width>
			<height>600</height>
			<texturesliderbackground border="0,5,0,5">square.png</texturesliderbackground>
			<texturesliderbar border="0,5,0,5" colordiffuse="ff9370DB">square.png</texturesliderbar>
			<texturesliderbarfocus  border="0,5,0,5" colordiffuse=$INFO[Window().Property(COLOR)]>square.png</texturesliderbarfocus>
			<textureslidernib></textureslidernib>
			<textureslidernibfocus></textureslidernibfocus>
			<onleft condition="!Player.Playing">2000</onleft>
			<onleft condition="Player.Playing">4001</onleft>
			<onright></onright>
			<ondown></ondown>
			<onup>1000</onup>
			<showonepage>true</showonepage>
			<orientation>vertical</orientation>
			<visible>true</visible>
		</control>
		<control type="textbox" id="4003">
			<top>100</top>
			<left>650</left>
			<width>600</width>
			<height>600</height>
			<font>font45</font>
			<textcolor>white</textcolor>
			<shadowcolor>$INFO[Window().Property(COLOR)]</shadowcolor>
			<label>$INFO[Container(2000).ListItem.Plot]</label>
			<wrapmultiline>true</wrapmultiline>
			<visible>true</visible>
			<align>left</align>
			<pagecontrol>4002</pagecontrol>
		</control>
		<control type="textbox" id="4004">
			<top>100</top>
			<left>650</left>
			<width>600</width>
			<height>300</height>
			<font>font45</font>
			<textcolor>white</textcolor>
			<shadowcolor>$INFO[Window().Property(COLOR)]</shadowcolor>
			<label>$INFO[Container(2000).ListItem.Plot]</label>
			<wrapmultiline>true</wrapmultiline>
			<visible>true</visible>
			<align>left</align>
			<pagecontrol>4002</pagecontrol>
		</control>
		<control type="videowindow" id="4000">
			<description>program image</description>
			<top>425</top>
			<left>737</left>
			<width>426</width>
			<height>240</height>
			<aligny>top</aligny>
			<alignx>right</alignx>
			<aspectratio>keep</aspectratio>
		</control>
		<control type="button" id="4001">
			<top>680</top>
			<left>940</left>
			<animation effect="zoom" end="110" time="100" center="auto">focus</animation>
			<texturefocus colordiffuse=$INFO[Window().Property(COLOR)]>button_stop.png</texturefocus>
			<texturenofocus>button_stop.png</texturenofocus>
			<width>25</width>
			<height>25</height>
			<align>center</align>
			<aligny>center</aligny>
			<visible>Player.Playing</visible>
			<onup>1000</onup>
			<ondown></ondown>
			<onleft>2000</onleft>
			<onright>4002</onright>
		</control>
	</controls>
</window>	