<?xml version="1.0" encoding="utf-8"?>
<window>
	<defaultcontrol always="false">201</defaultcontrol>
	<coordinates>
		<left>0</left>
		<top>0</top>
	</coordinates>
	<animation effect="fade" time="250">WindowOpen</animation>
	<animation effect="fade" time="250">WindowClose</animation>
	<controls>
		<control type="image">
			<description>Background Image</description>
			<width>100%</width>
			<height>100%</height>
			<aspectratio>scale</aspectratio>
			<texture>service-menu-background.png</texture>
		</control>
		<control type="image" id="3000">
			<description>fade image for menu list left to right</description>
			<width>1280</width>
			<height>720</height>
			<texture>service-fade-x-x.png</texture>
			<visible>Control.IsVisible(3000)</visible>
		</control>
		<control type="image" id="3001">
			<description>fade image for menu list right to left</description>
			<width>1280</width>
			<height>720</height>
			<texture flipx="true">service-fade-x-x.png</texture>
			<visible>Control.IsVisible(3001)</visible>
		</control>
		<control type="image" id="3002">
			<description>fade image for menu list top to bottom</description>
			<width>1280</width>
			<height>720</height>
			<texture>service-fade-y-y.png</texture>
			<visible>Control.IsVisible(3002)</visible>
		</control>
		<control type="image" id="3003">
			<description>fade image for menu list bottom to top</description>
			<width>1280</width>
			<height>720</height>
			<texture flipx="true">service-fade-y-y.png</texture>
			<visable>Control.IsVisible(3003)</visable>
		</control>
		<control type="label">
			<left>880</left>
			<top>0</top>
			<width>400</width>
			<height>30</height>
			<font>font13</font>
			<textcolor>$INFO[Window().Property(COLOR)]</textcolor>
			<shadowcolor>white</shadowcolor>
			<label>$INFO[System.Date(DDD)], $INFO[System.Date(dd)] $INFO[System.Date(MMM)] $INFO[System.Time]</label>
			<align>right</align>
			<scroll>true</scroll>
		</control>
		<control type="button" id="1000">
			<top>10</top>
			<left>10</left>
			<height>75</height>
			<width>75</width>
			<onright>2000</onright>
			<texturefocus>back-arrow.png</texturefocus>
			<texturenofocus>back-arrow.png</texturenofocus>
			<animation effect="zoom" end="110" center="auto" time="200">Focus</animation>
		</control>
		<control type="list" id="2000">
			<left>700</left>
			<top>100</top>
			<width>550</width>
			<height>600</height>
			<onleft>1000</onleft>
			<onright>2001</onright>
			<onup></onup>
			<ondown></ondown>
			<pagecontrol>2001</pagecontrol>
			<scrolltime tween="quadratic" easing="out">300</scrolltime>
			<orientation>vertical</orientation>
			<itemlayout height="55" width="550">
				<control type="label">
					<left>0</left>
					<top>0</top>
					<width>550</width>
					<height>45</height>
					<font>font60</font>
					<aligny>center</aligny>
					<textcolor>$INFO[Window().Property(COLOR)]</textcolor>
					<shadowcolor>white</shadowcolor>
					<align>right</align>
					<aligny>center</aligny>
					<label>$INFO[ListItem.label]</label>
				</control>
			</itemlayout>
			<focusedlayout height="55" width="550">
				<control type="label">
					<left>0</left>
					<top>0</top>
					<width>550</width>
					<height>45</height>
					<font>font60</font>
					<aligny>center</aligny>
					<align>right</align>
					<textcolor>white</textcolor>
					<scroll>true</scroll>
					<shadowcolor>$INFO[Window().Property(COLOR)]</shadowcolor>
					<label>[B]$INFO[ListItem.label][/B]</label>
				</control>
			</focusedlayout>
		</control>
		<control type="list" id="2002">
			<left>700</left>
			<top>100</top>
			<width>550</width>
			<height>600</height>
			<onleft>1000</onleft>
			<onright>2001</onright>
			<onup></onup>
			<ondown></ondown>
			<pagecontrol>2001</pagecontrol>
			<scrolltime tween="quadratic" easing="out">300</scrolltime>
			<orientation>vertical</orientation>
			<itemlayout height="25" width="550">
				<control type="label">
					<left>0</left>
					<top>0</top>
					<width>550</width>
					<height>25</height>
					<font>font13</font>
					<aligny>center</aligny>
					<textcolor>$INFO[Window().Property(COLOR)]</textcolor>
					<shadowcolor>white</shadowcolor>
					<align>right</align>
					<aligny>center</aligny>
					<label>$INFO[ListItem.label]</label>
				</control>
			</itemlayout>
			<focusedlayout height="25" width="550">
				<control type="label">
					<left>0</left>
					<top>0</top>
					<width>550</width>
					<height>25</height>
					<font>font13</font>
					<aligny>center</aligny>
					<align>right</align>
					<textcolor>white</textcolor>
					<scroll>true</scroll>
					<shadowcolor>$INFO[Window().Property(COLOR)]</shadowcolor>
					<label>[B]$INFO[ListItem.label][/B]</label>
				</control>
			</focusedlayout>
		</control>
		<control type="scrollbar" id="2001">
			<left>1270</left>
			<top>100</top>
			<width>5</width>
			<height>600</height>
			<texturesliderbackground border="0,5,0,5">square.png</texturesliderbackground>
			<texturesliderbar border="0,5,0,5" colordiffuse="ff9370DB">square.png</texturesliderbar>
			<texturesliderbarfocus  border="0,5,0,5" colordiffuse=$INFO[Window().Property(COLOR)]>square.png</texturesliderbarfocus>
			<textureslidernib></textureslidernib>
			<textureslidernibfocus></textureslidernibfocus>
			<onleft>2000</onleft>
			<onright></onright>
			<ondown></ondown>
			<onup>104</onup>
			<showonepage>true</showonepage>
			<orientation>vertical</orientation>
		</control>
	</controls>
</window>	