<?xml version="1.0" encoding="UTF-8" standalone="yes"?>
<addon id="plugin.program.luxurywizard" name="Luxury Wizard" version="2.8" provider-name="Luxurywizard">
  <requires>
    <import addon="xbmc.python" version="2.1.0"/>
  </requires>
  <extension point="xbmc.python.pluginsource" library="default.py">
    <provides>executable</provides>
  </extension>
  <extension point="xbmc.service" library="startup.py" start="startup" />
  <extension point="xbmc.addon.metadata">
    <summary lang="en">Luxury Wizard</summary>
    <description lang="en">Luxury Wizard Allows You To Download Custom Builds, Apks, And Clean Your Kodi</description>
    <platform>all</platform>
  </extension>
</addon>
