<?xml version="1.0" encoding="UTF-8" standalone="yes"?>
<addon id="repository.misfitmods" name="[COLOR red][B]misfit mods:[/B][/COLOR] [COLOR snow][B]Repository[/B][/COLOR]" version="1.2" provider-name="The Turtle">
	<extension point="xbmc.addon.repository" name="misfit mods: Repository">
		<info compressed="false">http://misfitmods.com/mmwiz/repo/files/addons.xml</info>
		<checksum>http://misfitmods.com/mmwiz/repo/files/addons.xml.md5</checksum>
		<datadir zip="true">http://misfitmods.com/mmwiz/repo/zips/</datadir>
	</extension>
	<extension point="xbmc.addon.metadata">
    <description lang="en">This repository has the latest work from misfit mods</description>
    <disclaimer lang="en">For help and support ... Please visit our group on Facebook!</disclaimer>
    <language></language>
    <platform>all</platform>
    <license>GNU GENERAL PUBLIC LICENSE. Version 2, June 1991</license>
    <forum></forum>
    <website>https://www.facebook.com/groups/348956815437210/</website>
    <email></email>
    <source></source>
    <news></news>
    <assets>
        <icon>resources/art/icon.png</icon>
        <fanart>resources/art/fanart.jpg</fanart>
        <screenshot>resources/screenshot-01.jpg</screenshot>
        <screenshot>resources/screenshot-01.jpg</screenshot>
        <screenshot>resources/screenshot-01.jpg</screenshot>
        <screenshot>resources/screenshot-01.jpg</screenshot>        
    </assets>
  </extension>
</addon>