<addon id="repository.angelo" name="Angelo Repository" version="3.0.0" provider-name="Angelo">
	<extension point="xbmc.addon.repository" name="Angelo Repository">
		<info compressed="false">http://angeloaddon.addonsrepository.com/zip/addon.xml</info>
		<checksum>http://angeloaddon.addonsrepository.com/zip/addons.xml.md5</checksum>
		<datadir zip="true">http://angeloaddon.addonsrepository.com/zip</datadir>
	</extension>
	<extension point="xbmc.addon.metadata">
		<summary>Angelo Official Repository</summary>
		<description>Repository ufficiale di Angelo</description>
<news>
v3.0.0
- Cambio Host
v2.0.0
- Nuovo Host
v1.0.0
- Beta 
</news>
		<platform>all</platform>
	</extension>
</addon>
