<?xml version="1.0" encoding="UTF-8" standalone="yes"?>
<addon id="plugin.video.tdtiberia" name="TDT Iberia" version="0.1.2" provider-name="urnenfeld">
  <requires>
    <import addon="xbmc.python" version="2.1.0"/>
  </requires>
  <extension point="xbmc.python.pluginsource" library="addon.py">
    <provides>video</provides>
  </extension>
  <extension point="xbmc.addon.metadata">
    <summary lang="en_gb">TDT en España.</summary>
    <description lang="en_gb">Lista de URLs de canales TDT de España - Abrir directamente con VLC u otro reproductor de vídeo.</description>
    <disclaimer lang="en_gb"></disclaimer>
    <language>es</language>
    <platform>all</platform>
    <license></license>
    <forum></forum>
    <website></website>
    <email></email>
    <source></source>
  </extension>
</addon>
