<?xml version="1.0" encoding="UTF-8" standalone="yes"?>
<addon id="repository.BalkanProgrami" name="[B]Balkan Programi[/B]" version="1.1" provider-name="Tojelako">
	<extension point="xbmc.addon.repository" name="Balkan Programi">
	
<dir>
		<info compressed="false">https://mostarkodibuild.com/repozitory/addons.xml</info>
		<checksum>https://mostarkodibuild.com/repozitory/addons.xml.md5</checksum>
		<datadir zip="true">https://mostarkodibuild.com/repozitory/Programi/</datadir>
</dir>	
	
<dir>
		    <info compressed="false">http://kodiadd-ons.com/balkan/Programi/addons.xml</info>
		    <checksum>http://kodiadd-ons.com/balkan/Programi/addons.xml.md5</checksum>
		    <datadir zip="true">http://kodiadd-ons.com/balkan/Programi/</datadir>
</dir>		 
<dir>
			<info compressed="false">http://kodi.csadria.org/repo/kodibalkan-repo-addons/addons.xml</info>
			<checksum>http://kodi.csadria.org/repo/kodibalkan-repo-addons/addons.xml.md5</checksum>
			<datadir zip="true">http://kodi.csadria.org/repo/kodibalkan-repo-addons/addoni-u-repu/</datadir>
</dir>
<dir>
			<info compressed="false">https://raw.githubusercontent.com/totalrevolution/python-koding/master/zips/addons.xml</info>
			<checksum>https://raw.githubusercontent.com/totalrevolution/python-koding/master/zips/addons.xml.md5</checksum>
			<datadir zip="true">https://raw.githubusercontent.com/totalrevolution/python-koding/master/zips/</datadir>
</dir>
<dir>
		    <info compressed="false">https://raw.githubusercontent.com/kodimatija/ZadarHRrepo/master/zips/addons.xml</info>
		    <checksum>https://raw.githubusercontent.com/kodimatija/ZadarHRrepo/master/zips/addons.xml.md5</checksum>
		    <datadir zip="true">https://raw.githubusercontent.com/kodimatija/ZadarHRrepo/master/zips/</datadir>
</dir>
<dir>
            <info compressed="false">http://livetvkodiserbia.com/addonxml/addons.xml</info>
            <checksum>http://livetvkodiserbia.com/addonxml/addons.xml.md5</checksum>
            <datadir zip="true">http://livetvkodiserbia.com/kodi/zips/</datadir>
</dir>
<dir>
		    <info compressed="false">http://cdn.phoenixrebornbuild.com.hr/repo-addons/addons.xml</info>
		    <checksum>http://cdn.phoenixrebornbuild.com.hr/repo-addons/addons.xml.gz.md5</checksum>
		    <datadir zip="true">http://cdn.phoenixrebornbuild.com.hr/repo-addons/dodani-addoni/</datadir>
</dir>
<dir>
	        <info compressed="false">http://kodiadd-ons.com/repo/tojelako/Programi/addons.xml</info>
		    <checksum>http://kodiadd-ons.com/repo/tojelako/Programi/addons.xml.md5</checksum>
		    <datadir zip="true">http://kodiadd-ons.com/repo/tojelako/Programi/</datadir>
</dir>
<dir>
		    <info compressed="false">https://raw.githubusercontent.com/kodimatija/ZadarHRrepo/master/zips/addons.xml</info>
		    <checksum>https://raw.githubusercontent.com/kodimatija/ZadarHRrepo/master/zips/addons.xml.md5</checksum>
		    <datadir zip="true">https://raw.githubusercontent.com/kodimatija/ZadarHRrepo/master/zips/</datadir>
</dir>	
<dir>
	        <info compressed="false">https://raw.githubusercontent.com/totalrevolution/python-koding/master/zips/addons.xml</info>
			<checksum>https://raw.githubusercontent.com/totalrevolution/python-koding/master/zips/addons.xml.md5</checksum>
			<datadir zip="true">https://raw.githubusercontent.com/totalrevolution/python-koding/master/zips/</datadir>
</dir>	 
<dir>
			<info compressed="false">https://www.racunarisd.com/reporsd/Programi/addons.xml</info>
			<checksum>https://www.racunarisd.com/reporsd/Programi/addons.xml.md5</checksum>
			<datadir zip="true">https://www.racunarisd.com/reporsd/Programi/</datadir>
</dir>			
			
	</extension>
	  <extension point="xbmc.addon.metadata">
		<summary lang="en">Balkanski Programi</summary>
		<description lang="en">Balkanski Kodi programi od Raznih autora.</description>
		<platform>all</platform>
		<forum>http://koditalk.org/</forum>
		<website>https://streamhelp.org/</website>
	  <assets>
		<icon>icon.png</icon>
		<screenshot>resources/screenshots/screenshot1.jpg</screenshot>
		<screenshot>resources/screenshots/screenshot2.jpg</screenshot>
		<screenshot>resources/screenshots/screenshot3.jpg</screenshot>
		<screenshot>resources/screenshots/screenshot4.jpg</screenshot>
		<screenshot>resources/screenshots/screenshot5.jpg</screenshot>
	  </assets>
	  </extension>
</addon>