<?xml version="1.0" encoding="UTF-8"?>
<addons>
    <addon id="repository.twilight0.libs" name="Twilight0 Libs Repository" version="1.0.0" provider-name="Twilight0">
        <extension point="xbmc.addon.repository" name="Twilight0 Libs Repository">
            <info compressed="false">http://raw.githubusercontent.com/Twilight0/repo.twilight0.libs/master/_zips/addons.xml</info>
            <checksum>http://raw.githubusercontent.com/Twilight0/repo.twilight0.libs/master/_zips/addons.xml.md5</checksum>
            <datadir zip="true">http://raw.githubusercontent.com/Twilight0/repo.twilight0.libs/master/_zips/</datadir>
            <hashes>false</hashes>
        </extension>
        <extension point="xbmc.addon.metadata">
            <summary>Repository for library addons</summary>
            <description>Repository for library addons</description>
            <platform>all</platform>
    </extension>
</addon>

<addon id="script.module.streamlink.base" name="Streamlink Library" version="2019.05.08" provider-name="Streamlink Devs, Twilight0">
  <requires>
      <import addon="xbmc.python" version="2.24.0"/>
      <import addon="script.module.requests" version="2.12.4"/>
      <import addon="script.module.futures" version="2.2.0"/>
      <import addon="script.module.streamlink.crypto" version="1.5.2"/>
  </requires>
  <extension point="xbmc.python.module" library="resources/lib/"/>
  <extension point="xbmc.addon.metadata">
      <summary>Streamlink Library</summary>
      <description>Streamlink Library for Kodi. Known issue: Does not work on Xbox, when trying to import something from ctypes module.</description>
      <platform>all</platform>
      <license>Simplified BSD</license>
      <source>https://github.com/Twilight0/script.module.streamlink.base/</source>
      <language>en</language>
      <assets>
          <icon>icon.png</icon>
      </assets>
      <news>+2019.05.08
- Added vimeo plugin

+2019.05.03
- Bumped to upstream commit c8ed1daff14ac03195870238b9b900c1109dd5c1
- Include PR #2441 from upstream
- Add exception for ctypes on namedpipe for XBOX (MemoryError). So its a known issue that streamlink does not work on this platform</news>
  </extension>
</addon>

<addon id="script.module.streamlink.crypto" name="Pure Crypto for Kodi" version="1.5.2" provider-name="Twilight0">
  <requires>
    <import addon="xbmc.python" version="2.14.0"/>
  </requires>
  <extension point="xbmc.python.module" library="lib" />
  <extension point="xbmc.addon.metadata">
    <summary>Pure Python implementation of the cryptographic libraries required by Streamlink</summary>
    <source>https://github.com/Twilight0/script.module.streamlink.crypto</source>
    <platform>all</platform>
    <license>MIT</license>
  </extension>
</addon>

<addon id="script.module.tulip" name="Tulip Routine Libraries" version="2.3.7" provider-name="Twilight0">
    <requires>
        <import addon="xbmc.python" version="2.24.0"/>
        <import addon="script.module.kodi-six" version="0.0.2"/>
    </requires>
    <extension point="xbmc.python.module" library="lib" />
    <extension point="xbmc.addon.metadata">
        <summary lang="en">Tulip Helper libraries</summary>
        <description lang="en">Tulip Routine Libraries combines the best elements from Lambda's "lamlib" and tknorris's shared modules. Also includes various enhancements, newer and improved functions and Python 3 compatibility, though the latter is largely untested.</description>
        <platform>all</platform>
        <license>GNU GENERAL PUBLIC LICENSE. Version 3, 29 June 2007</license>
        <source>https://github.com/Twilight0/script.module.tulip</source>
        <news>[B]2.3.X[/B]
- Add function (directory) can now set plugin category for skins to display
- Changed all "BaseException" into "Exception"
- Replaced builtin eval with ast.literaleval which is more secure
- Added the fuzzywuzzy library for fuzzy string matching
- Moved all user agent related functions and strings into new user_agent module
- Added datetime keys for youtube videos
- Compat module enhancements
- Directory module bugfixes
- Added replace xml codes function
- Various other tweaks

[B]2.2.X[/B]
- Reincluded url_dispatcher module for addons that may use it in the future
- New reload skin function
- Log exception on client function upon failure
- xbmc.Playlist is now callable via lambda function. Mode 1 for video (default), Mode 0 for audio
- Add function in directory module now accepts streaminfo data (as dictionary)
- Add function can also form a playlist instead of directory only
- Add function can show background progress when loading items
- Added StringIO in compat module
- Plugin url optimization with join string method on directory module
- m3u_maker renamed to playlist_maker
- Added tvg-logo parameter into playlist_maker</news>
    </extension>
</addon>

<addon id="service.banners.mod" name="Banners" version="1.9.2" provider-name="Dalibor Lanik"> <!-- Unique ID and name of the addon -->
  <requires>
    <import addon="xbmc.python" version="2.1.0"/> <!-- Be able to use python in the addon -->
    <import addon="script.module.pil" version="1.1.7"/>
      <import addon="script.module.parsedom" version="2.5.2"/>
  </requires>
  <extension point="xbmc.service" library="service.py" start="startup"> <!-- Extend KODI with a service. Start the addon when starting KODI, and run "default.py" -->
  </extension>
  <extension point="xbmc.python.script" library="standalone.py">
        <provides>executable</provides>
  </extension>
  <extension point="xbmc.addon.metadata"> <!-- Additional addon information -->
    <platform>all</platform>
    <website>http://projects.lanik.org/KodiProject_Banners.htm</website>
    <summary lang="en">Display banners while video plays</summary>
    <license>GNU GENERAL PUBLIC LICENSE. Version 2, June 1991</license>
    <forum>http://forum.kodi.tv/showthread.php?tid=283342</forum>
    <email>dalibor@lanik.org</email>
    <description lang="en">Displays banners while playing video</description>
    <source>https://github.com/Twilight0/service.banners.mod</source>
    <news>v1.9.2
- Added override for paused playback
- Moved banners folder into resources/media subfolder</news>
    <assets>
        <icon>icon.png</icon>
    </assets>
  </extension>
</addon>

<addon id="service.streamlink.proxy" name="Streamlink Proxy" version="4.1.2" provider-name="Twilight0">
    <requires>
        <import addon="xbmc.python" version="2.24.0"/>
        <import addon="script.module.streamlink.base" version="2018.06.12"/>
        <!--<import addon="script.module.streamlink.plugins" version="1.0.3"/>-->
    </requires>
    <extension point="xbmc.service" library="resources/lib/service.py" start="login"/>
    <extension point="xbmc.python.pluginsource" library="options.py">
        <provides>executable</provides>
    </extension>
    <extension point="xbmc.addon.metadata">
        <platform>all</platform>
        <language>en de el</language>
        <summary>Streamlink Proxy</summary>
        <description>Streamlink Proxy for Kodi</description>
        <platform>all</platform>
        <license>GPLv3</license>
        <source>https://github.com/Twilight0/service.streamlink.proxy</source>
        <size>172839</size>
        <assets>
            <icon>icon.png</icon>
        </assets>
        <news>+ 4.1.2
- Removed plugins dependency
- Bumped base module dependency to latest</news>
    </extension>
</addon>
</addons>
