<?xml version="1.0" encoding="UTF-8" standalone="yes"?>
<addon id="plugin.program.kus-allinone-wizard" name="[B][COLORdeepskyblue]KUS[/B][/COLOR] [COLORwhite]AllInOne Wizard[/COLOR]" version="1.0.9" provider-name="SGK">
  <requires>
    <import addon="xbmc.python" version="2.1.0"/>
  </requires>
  <extension point="xbmc.python.pluginsource" library="default.py">
    <provides>executable</provides>
  </extension>
  <extension point="xbmc.service" library="startup.py" start="startup" />
  <extension point="xbmc.addon.metadata">
    <summary lang="en">[COLORdeepskyblue]KUS[/COLOR] [COLORwhite]AllInOne Wizard by SGK[/COLOR]</summary>
    <description lang="en">Einfach fertig vorkonfigurierte Kodi-Builds installieren...[CR][CR]Besucht uns in unserer Facebook-Gruppe Kodi Unlimited Support:[CR][COLORdeepskyblue]https://www.facebook.com/groups/kodiunlimited[/COLOR][CR][CR]Spenden-Link:[CR][COLORdeepskyblue]https://www.paypal.me/KodiUnlimited[/COLOR]</description>
    <platform>all</platform>
	<forum>https://www.paypal.me/KodiUnlimited</forum>
	<assets>
		<icon>icon.png</icon>
		<fanart>fanart.jpg</fanart>
		<screenshot>resources/art/screenshot-01.jpg</screenshot>
		<screenshot>resources/art/screenshot-02.jpg</screenshot>
		<screenshot>resources/art/screenshot-03.jpg</screenshot>
		<screenshot>resources/art/screenshot-04.jpg</screenshot>
		<screenshot>resources/art/screenshot-05.jpg</screenshot>
		<screenshot>resources/art/screenshot-06.jpg</screenshot>
		<screenshot>resources/art/screenshot-07.jpg</screenshot>
	</assets>
  </extension>
</addon>