<?xml version="1.0" encoding="UTF-8"?>
    <addon id="repository.menacerepo" name="Menace Repo" version="0.1.1" provider-name="ChipmanTech">
        <requires>
            <import addon="xbmc.addon" version="12.0.0"/>
        </requires>
        <extension point="xbmc.addon.repository" name="Menace Repo">
            <info compressed="false">http://asylum-menace.tk/_menace/addons.xml</info>
            <checksum>http://asylum-menace.tk/_menace/addons.xml.md5</checksum>
            <datadir zip="true">http://asylum-menace.tk/_menace/</datadir>
            <hashes>false</hashes>
        </extension>
        <extension point="xbmc.addon.metadata">
            <summary>Repository</summary>
            <description>Menace Repo</description>
            <platform>all</platform>
    </extension>
</addon>