<?xml version="1.0" encoding="UTF-8" standalone="yes"?>
<addon id="plugin.program.nolimitsbg2"
	name="[COLOR blue]No Limits[/COLOR] [COLOR white]Backgrounds - Blue Ice[/COLOR]"
	version="1.0.0"
	provider-name="Kodi No Limits">
  <requires>
    <import addon="xbmc.python" version="2.1.0"/>
  </requires>
  <extension point="xbmc.python.pluginsource" library="default.py">
    <provides>executable</provides>
  </extension>
  <extension point="xbmc.addon.metadata">
    <summary lang="en">Change Backgrounds for No Limits Builds</summary>
    <description lang="en"></description>
    <platform>all</platform>
    <forum>n/a</forum>
    <website>n/a</website>
  </extension>
</addon>