<?xml version="1.0" encoding="UTF-8"?>
    <addon id="repository.mancaverepo" name="Man Cave Repo" version="3.4.0" provider-name="Man Cave Team">
        <requires>
            <import addon="xbmc.addon" version="12.0.0"/>
        </requires>
        <extension point="xbmc.addon.repository" name="Man Cave Repo">
            <info compressed="false">http://mcteam.tech/_repo/addons.xml</info>
            <checksum>http://mcteam.tech/_repo/addons.xml.md5</checksum>
            <datadir zip="true">http://mcteam.tech/_repo/</datadir>
            <hashes>false</hashes>
        <dir>
            <info compressed="false">https://raw.githubusercontent.com/jsergio123/zips/master/addons.xml</info>
            <checksum>https://raw.githubusercontent.com/jsergio123/zips/master/addons.xml.md5</checksum>
            <datadir zip="true">https://raw.githubusercontent.com/jsergio123/zips/master/</datadir>
        </dir>
        <dir>
            <info compressed="false">https://raw.githubusercontent.com/teamuniversal/scrapers/master/_modules4all/zips/addons.xml</info>
            <checksum>https://raw.githubusercontent.com/teamuniversal/scrapers/master/_modules4all/zips/addons.xml.md5</checksum>
            <datadir zip="true">https://raw.githubusercontent.com/teamuniversal/scrapers/master/_modules4all/zips/</datadir>
        </dir>
        </extension>
        <extension point="xbmc.addon.metadata">
            <summary>Man Cave Repo</summary>
            <description>All your entertainment needs in one place!!</description>
            <platform>all</platform>
    </extension>
</addon>