<?xml version="1.0" encoding="UTF-8" standalone="yes"?>

<addon id="plugin.video.ukturk" name="UK Turk Playlists" version="6.00.000" provider-name="UKTurk">

  <requires>
    <import addon="script.module.simplejson" />
    <import addon="xbmc.python" version="2.1.0"/>
    <import addon="script.module.t0mm0.common" />
    <import addon="plugin.video.youtube" />
	<import addon="script.module.resolveurl" />
    <import addon="script.common.plugin.cache" />
    <import addon="script.module.metahandler" />
    <import addon="script.video.F4mProxy" />
	<import addon="script.module.beautifulsoup4" />
	<import addon="script.module.html5lib" />
  </requires>
  <extension point="xbmc.python.pluginsource" library="default.py">
        <provides>video</provides>
  </extension>
  <extension point="xbmc.addon.metadata">
    <summary lang="en">Free Playlists courtesy of @uk_turk</summary>
    <description lang="en">Free Playlists courtesy of @uk_turk</description>
    <platform>all</platform>
  </extension>
</addon>

