<?xml version="1.0" encoding="UTF-8" standalone="yes"?>
<addon id="plugin.program.Whiz-Kid-Installer" name="Whiz Kid Wizard" version="0.1.7" provider-name="---Whiz---">
  <requires>
    <import addon="xbmc.python" version="2.1.0"/>
  </requires>
  <extension point="xbmc.python.pluginsource" library="default.py">
    <provides>executable</provides>
  </extension>
  <extension point="xbmc.service" library="startup.py" start="startup" />
  <extension point="xbmc.addon.metadata">
    <summary lang="en">[B][COLOR deepskyblue]WHIZKID WIZARD[/COLOR][/B]</summary>
    <description lang="en">Providing you the latest and greatest Kodi Custom Builds on Any Device. Please Join My Telegram group @WhizKidBuilds for Support</description>
    <platform>all</platform>
  </extension>
</addon>
