<?xml version="1.0" encoding="UTF-8" standalone="yes"?>
        <addon id="repository.noledynastyrepo" name="[COLOR gold][B] Nole Dynasty[/COLOR][/B]" version="1.5.1" provider-name="Chief Osceola">
            <extension point="xbmc.addon.repository" name="NoleDynasty Repository">
        <dir>
            <info compressed="false">http://noledynasty.xyz/_zips/addons.xml</info>
            <checksum>http://noledynasty.xyz/_zips/addons.xml.md5</checksum>
            <datadir zip="true">http://noledynasty.xyz/_zips/</datadir>
        </dir>
        <dir>
            <info compressed="false">https://raw.githubusercontent.com/noobsandnerds/modules4all/master/zips/addons.xml</info>
            <checksum>https://raw.githubusercontent.com/noobsandnerds/modules4all/master/zips/addons.xml.md5</checksum>
            <datadir zip="true">https://raw.githubusercontent.com/noobsandnerds/modules4all/master/zips/</datadir>
        </dir>
        <dir>
            <info compressed="false">https://raw.githubusercontent.com/totalrevolution/python-koding/master/zips/addons.xml</info>
            <checksum>https://raw.githubusercontent.com/totalrevolution/python-koding/master/zips/addons.xml.md5</checksum>
            <datadir zip="true">https://raw.githubusercontent.com/totalrevolution/python-koding/master/zips/</datadir>
        </dir>
        <dir>
            <info compressed="false">https://raw.githubusercontent.com/jenaddon/repository.jenrepo/master/zips/addons.xml</info>
            <checksum>https://raw.githubusercontent.com/jenaddon/repository.jenrepo/master/zips/addons.xml.md5</checksum>
            <datadir zip="true">https://raw.githubusercontent.com/jenaddon/repository.jenrepo/master/zips/</datadir>
            <hashes>false</hashes>
        </dir>
        <dir>
            <info compressed="false">https://raw.githubusercontent.com/teamuniversal/scrapers/master/_modules4all/zips/addons.xml</info>
            <checksum>https://raw.githubusercontent.com/teamuniversal/scrapers/master/_modules4all/zips/addons.xml.md5</checksum>
            <datadir zip="true">https://raw.githubusercontent.com/teamuniversal/scrapers/master/_modules4all/zips/</datadir>
        </dir>
        <dir>
            <info compressed="false">https://raw.githubusercontent.com/jsergio123/zips/master/addons.xml</info>
            <checksum>https://raw.githubusercontent.com/jsergio123/zips/master/addons.xml.md5</checksum>
            <datadir zip="true">https://raw.githubusercontent.com/jsergio123/zips/master/</datadir>
        </dir>
        <dir>
            <info compressed="false">https://github.com/tvaddonsco/tva-resolvers-repo/raw/master/addons.xml</info>
            <checksum>https://github.com/tvaddonsco/tva-resolvers-repo/raw/master/addons.xml.md5</checksum>
            <datadir zip="true">https://github.com/tvaddonsco/tva-resolvers-repo/raw/master/zips/</datadir>
        </dir>
            <info compressed="false"></info>
            <checksum></checksum>
            <datadir zip="true"></datadir>
            </extension>
            <extension point="xbmc.addon.metadata">
            <summary>Nole Dynasty Repo</summary>
            <description>Download and Install Addons From Nole Nation..</description>
            <language></language>
            <platform>all</platform>
            <license>GNU GENERAL PUBLIC LICENSE. Version 2, June 1991</license>
         </extension>
        </addon>