<?xml version="1.0" encoding="UTF-8" standalone="yes"?>
<addon id="repository.cy4root" name="Cy4Root Repository" version="1.0.1" provider-name="Cy4Root">
	<extension point="xbmc.addon.repository" name="Cy4Root">
	        <dir>		
			<info compressed="false">http://cy4root.000webhostapp.com/addons.xml</info>
            		<checksum>http://cy4root.000webhostapp.com/addons.xml.md5</checksum>
            		<datadir zip="true">http://cy4root.000webhostapp.com</datadir>
		</dir>
		<dir>
			<info compressed="false">https://github.com/tvaddonsco/tva-resolvers-repo/raw/master/addons.xml</info>
        		<checksum>https://github.com/tvaddonsco/tva-resolvers-repo/raw/master/addons.xml.md5</checksum>
        		<datadir zip="true">https://github.com/tvaddonsco/tva-resolvers-repo/raw/master/zips/</datadir>
		</dir>
		<dir>
			<info compressed="false">https://raw.githubusercontent.com/thebackup/repository.thebackup/master/addons.xml</info>
        		<checksum>https://raw.githubusercontent.com/thebackup/repository.thebackup/master/addons.xml.md5</checksum>
       		        <datadir zip="true">https://raw.githubusercontent.com/thebackup/repository.thebackup/master/</datadir>
			<hashes>false</hashes>
		</dir>
		<dir>
			<info compressed="false">https://raw.githubusercontent.com/teamuniversal/scrapers/master/_modules4all/zips/addons.xml</info>
            		<checksum>https://raw.githubusercontent.com/teamuniversal/scrapers/master/_modules4all/zips/addons.xml.md5</checksum>
            		<datadir zip="true">https://raw.githubusercontent.com/teamuniversal/scrapers/master/_modules4all/zips/</datadir>
			<hashes>false</hashes>
		</dir>
	</extension>
    <extension point="xbmc.addon.metadata">
        <summary lang="en">Cy4Root Add-on Repository</summary>
        <description lang="en"></description>
        <platform>all</platform>
		<news></news>
    </extension>
</addon>

