<?xml version="1.0" encoding="UTF-8" standalone="yes"?>
<addon id="repository.universerepo" name="Universe Repo" version="1.0" provider-name="Team Universe Media">
	<extension point="xbmc.addon.repository" name="UniverseMedia">
		<info compressed="false">http://www.planet-universe.co.uk/addons/addons.xml</info>
		<checksum>http://www.planet-universe.co.uk/addons/addons.xml</checksum>
		<datadir zip="true">http://www.planet-universe.co.uk/addons/</datadir>
	</extension>
	<extension point="xbmc.addon.metadata">
		<summary>Universe Media Addons</summary>
		<description>Universe Media services addons</description>
		<platform>all</platform>
	</extension>
</addon>