<?xml version="1.0" encoding="UTF-8" standalone="yes"?>
<addon id="plugin.video.AceTvPremium" name="[COLOR blue]Ace Tv Premium[/COLOR]" version="6.0.0" provider-name="FSPM">
  <requires>
    <import addon="xbmc.python" version="2.1.0"/>
    <import addon="script.module.addon.common" version="2.0.0" />
  </requires>
  <extension point="xbmc.python.pluginsource" library="default.py">
    <provides>video</provides>
  </extension>
  <extension point="xbmc.addon.metadata">
    <summary lang="en">Ace Tv Premium https://www.facebook.com/groups/KodiAceBuilds/</summary>
    <description lang="en">Ace Tv Premium Brings you the best IPTV and Entertainment at an unbeatable price.</description>
    <platform>all</platform>
  </extension>
</addon>