<?xml version="1.0" encoding="utf-8"?>
<!--size 1280-720-->
<window>
	<defaultcontrol always="false">5000</defaultcontrol>
	<coordinates>
		<left>0</left>
		<top>0</top>
	</coordinates>
	<animation effect="fade" time="100">WindowOpen</animation>
	<animation effect="fade" time="100">WindowClose</animation>
	<controls>
		<control type="image">
			<description>background</description>
			<left>0</left>
			<top>0</top>
			<width>100%</width>
			<height>100%</height>
			<texture>service-center-fade.png</texture>
		</control>
		<control type="button" id="4000">
			<description>close button</description>
			<left>0</left>
			<top>0</top>
			<width>100%</width>
			<height>100%</height>
			<texturefocus />
			<texturenofocus />
			<onright>5000</onright>
		</control>
		<control type="group" id="6000">
			<description>same as id='6000' work around for skin.aeon.nox.silvo</description>
			<left>515</left>
			<top>315</top>
			<width>250</width>
			<height>150</height>
			<control type="image">
				<texture>blacksquare.png</texture>
				<bordertexture colordiffuse="purple" border="2">square.png</bordertexture>
				<bordersize>2</bordersize>
			</control>
			<control type="list" id="5000">
				<description>list for context buttons</description>
				<onright>4000</onright>
				<onleft>4000</onleft>
				<scrolltime tween="sine" easing="out">200</scrolltime>
				<viewtype label="3D list">list</viewtype>
	      		<orientation>vertical</orientation>
	      		<itemlayout width="250" height="35">
	      			<control type="label">
						<left>5</left>
						<top>3</top>
						<width>250</width>
						<height>29</height>
						<font>font13</font>
						<aligny>center</aligny>
						<textcolor>purple</textcolor>
						<shadowcolor>white</shadowcolor>
						<align>center</align>
						<info>ListItem.Label</info>
					</control>
				</itemlayout>
				<focusedlayout height="35" width="250">
					<control type="label">
						<left>5</left>
						<top>3</top>
						<width>250</width>
						<height>29</height>
						<font>font13</font>
						<aligny>center</aligny>
						<textcolor>white</textcolor>
						<shadowcolor>purple</shadowcolor>
						<align>center</align>
						<label>[B]$INFO[ListItem.Label][/B]</label>
					</control>
				</focusedlayout>
			</control>
		</control>
	</controls>
</window>


