<?xml version="1.0" encoding="utf-8"?>
<window>
	<defaultcontrol always="false">107</defaultcontrol>
	<coordinates>
		<left>0</left>
		<top>0</top>
	</coordinates>
	<animation effect="fade" time="100">WindowOpen</animation>
	<animation effect="fade" time="100">WindowClose</animation>
	<depth>DepthDialog+</depth>
	<controls>
		<control type="image">
			<description>Background Image</description>
			<width>100%</width>
			<height>100%</height>
			<texture>blacksquare.png</texture>
		</control>
		<control type="image">
			<description>Background Image</description>
			<width>100%</width>
			<height>100%</height>
			<aspectratio>scale</aspectratio>
			<texture colordiffuse='60436b78'>km-background.png</texture>
		</control>
		<control type="button" id="107">
			<left>542</left>
			<top>40</top>
			<width>195</width>
			<height>45</height>
			<texturefocus >square.png</texturefocus>
			<texturenofocus colordiffuse='gray' >square.png</texturenofocus>
			<label>Cancel</label>
			<font>font13_title</font>
			<align>center</align>
			<aligny>center</aligny>
			<textcolor>orange</textcolor>
			<shadowcolor>black</shadowcolor>
			<focusedcolor>dimgray</focusedcolor>
			<visible>system.getbool(input.enablemouse)</visible>
		</control>
		<control type="image">
			<top>420</top>
			<left>335</left>
			<width>610</width>
			<height>285</height>
			<texture>dgray.png</texture>
		</control>
		<control type="group">
			<top>425</top>
			<left>340</left>
			<control type="image">
				<width>600</width>
				<height>275</height>
				<texture>lgray.png</texture>
			</control>
			<control type="label" id="101">
				<left>10</left>
				<top>5</top>
				<width>580</width>
				<height>50</height>
				<font>font12</font>
				<wrapmultiline>true</wrapmultiline>
				<align>center</align>
				<aligny>center</aligny>
				<textcolor>black</textcolor>
				<shadowcolor></shadowcolor>
			</control>
		</control>
		<control type="progress" id="20">
			<description>progress control</description>
			<left>10</left>
			<top>60</top>
			<width>580</width>
			<height>30</height>
			<visible>true</visible>
			<reveal>true</reveal>
			<texturebg colordiffuse="green">lgray.png</texturebg>
			<midtexture colordiffuse="orange" >lgray.png</midtexture>
		</control>
		<control type="grouplist" id="9000">
			<left>10</left>
			<top>100</top>
			<height>175</height>
			<width>580</width>
			<orientation>vertical</orientation>
			<control type="label" id="10">
				<width>580</width>
				<height>50</height>
				<label></label>
				<font>font12</font>
				<wrapmultiline>true</wrapmultiline>
				<align>center</align>
				<aligny>center</aligny>
				<textcolor>black</textcolor>
				<shadowcolor></shadowcolor>
			</control>
			<control type="label" id="11">
				<width>580</width>
				<height>50</height>
				<font>font12</font>
				<wrapmultiline>true</wrapmultiline>
				<label></label>
				<align>center</align>
				<aligny>center</aligny>
				<textcolor>black</textcolor>
				<shadowcolor></shadowcolor>
			</control>
			<control type="label" id="12">
				<width>580</width>
				<height>50</height>
				<font>font12</font>
				<wrapmultiline>true</wrapmultiline>
				<align>center</align>
				<aligny>center</aligny>
				<textcolor>black</textcolor>
				<shadowcolor></shadowcolor>
			</control>
		</control>
	</controls>
</window>