<?xml version="1.0" encoding="utf-8"?>
<window type="dialog">
    <allowoverlay>no</allowoverlay>
    <defaultcontrol always="false">4000</defaultcontrol>
    <coordinates>
        <system>1</system>
        <posx>0</posx>
        <posy>0</posy>
    </coordinates>

    <controls>
        <control type="image">
            <description>Background Image</description>
            <width>100%</width>
            <height>100%</height>
            <aspectratio>scale</aspectratio>
            <texture>service-background2.png</texture>
        </control>
        <control type="image">
            <posx>150</posx>
            <posy>100</posy>
            <width>1010</width>
            <height>510</height>
            <texture>menu.png</texture>
            <visible>false</visible>
        </control>
        <control type="button" id="5001">
            <top>10</top>
            <left>10</left>
            <height>75</height>
            <width>75</width>
            <onright>2000</onright>
            <ondown>5000</ondown>
            <texturefocus>back-arrow.png</texturefocus>
            <texturenofocus>back-arrow.png</texturenofocus>
            <animation effect="zoom" end="110" center="auto" time="200">Focus</animation>
        </control>
        <control type="list" id="5000">
            <left>50</left>
            <top>100</top>
            <width>400</width>
            <height>600</height>
            <onleft></onleft>
            <onright></onright>
            <onup>5001</onup>
            <ondown></ondown>
            <scrolltime tween="quadratic" easing="out">300</scrolltime>
            <orientation>vertical</orientation>
            <itemlayout height="55" width="400">
                <control type="label">
                    <left>0</left>
                    <top>0</top>
                    <width>400</width>
                    <height>45</height>
                    <font>font60</font>
                    <aligny>center</aligny>
                    <textcolor>$INFO[Window().Property(COLOR)]</textcolor>
                    <shadowcolor>white</shadowcolor>
                    <align>left</align>
                    <aligny>center</aligny>
                    <label>$INFO[ListItem.label]</label>
                </control>
            </itemlayout>
            <focusedlayout height="55" width="400">
                <control type="label">
                    <left>0</left>
                    <top>0</top>
                    <width>400</width>
                    <height>45</height>
                    <font>font60</font>
                    <aligny>center</aligny>
                    <align>left</align>
                    <textcolor>white</textcolor>
                    <shadowcolor>$INFO[Window().Property(COLOR)]</shadowcolor>
                    <label>[B]$INFO[ListItem.label][/B]</label>
                </control>
            </focusedlayout>
        </control>
        <!--control type="image">
            <description>category background</description>
            <posx>10</posx>
            <posy>10</posy>
            <width>220</width>
            <height>330</height>
            <texture>dgray.png</texture>
            <bordertexture border="2" colordiffuse=$INFO[Window().Property(COLOR)]>square.png</bordertexture>
            <bordersize>2</bordersize>
            <visible>true</visible>
        </control>
        <control type="image">
            <description>top buttons mount</description>
            <posx>275</posx>
            <posy>10</posy>
            <width>220</width>
            <height>330</height>
            <texture>dgray.png</texture>
            <bordertexture border="2" colordiffuse=$INFO[Window().Property(COLOR)]>square.png</bordertexture>
            <bordersize>2</bordersize>
            <visible>true</visible>
        </control>
        <control type="button" id="80003">
            <description>add category</description>
            <animation effect="zoom" end="101,105" center="auto" time="100">focus</animation>
            <posx>20</posx>
            <posy>20</posy>
            <width>200</width>
            <height>40</height>
            <texturefocus colordiffuse=$INFO[Window().Property(COLOR)]>square.png</texturefocus>
            <texturenofocus colordiffuse='gray' >square.png</texturenofocus>
            <onup>-</onup>
            <ondown>7004</ondown>
            <onright>4000</onright>
            <align>center</align>
            <aligny>center</aligny>
            <font>font13</font>
            <textcolor>$INFO[Window().Property(COLOR)]</textcolor>
            <focusedcolor>black</focusedcolor>
            <label>Add Category</label>
            <visible>true</visible>
        </control>

        <control type="list" id="7004">
            <description>categories</description>
            <left>20</left>
            <top>65</top>
            <width>1280</width>
            <height>625</height>
            <visible>true</visible>
            <onup>80003</onup>
            <ondown></ondown>
            <onleft>1</onleft>
            <onright>4000</onright>
            <viewtype label="3D list">list</viewtype>
            <orientation>vertical</orientation>

            <itemlayout width="200" height="45">
                <control type="image">
                    <posx>0</posx>
                    <posy>0</posy>
                    <width>195</width>
                    <height>35</height>
                    <texture colordiffuse="gray">square.png</texture>
                    <visible>true</visible>
                </control>
                <control type="label">
                    <left>0</left>
                    <top>0</top>
                    <width>200</width>
                    <height>40</height>
                    <font>font13</font>
                    <align>center</align>
                    <aligny>center</aligny>
                    <textcolor>$INFO[Window().Property(COLOR)]</textcolor>
                    <selectedcolor>red</selectedcolor>
                    <align>left</align>
                    <info>ListItem.Label</info>
                </control>
            </itemlayout>
            <focusedlayout height="45" width="200">
                <control type="image">
                    <posx>0</posx>
                    <posy>0</posy>
                    <width>200</width>
                    <height>40</height>
                    <texture colordiffuse=$INFO[Window().Property(COLOR)]>square.png</texture>
                    <visible>true</visible>
                </control>
                <control type="image">
                    <posx>0</posx>
                    <posy>0</posy>
                    <width>200</width>
                    <height>40</height>
                    <texture colordiffuse=$INFO[Window().Property(COLOR)]>square.png</texture>
                    <visible>Control.HasFocus(7004)</visible>
                </control>
                <control type="label">
                    <left>0</left>
                    <top>0</top>
                    <width>200</width>
                    <height>40</height>
                    <font>font13</font>
                    <align>center</align>
                    <aligny>center</aligny>
                    <textcolor>darkgray</textcolor>
                    <selectedcolor>red</selectedcolor>
                    <shadowcolor>$INFO[Window().Property(COLOR)]</shadowcolor>
                    <align>left</align>
                    <info>ListItem.Label</info>
                </control>
                <control type="label">
                    <left>0</left>
                    <top>0</top>
                    <width>200</width>
                    <height>40</height>
                    <font>font13</font>
                    <align>center</align>
                    <aligny>center</aligny>
                    <textcolor>darkgray</textcolor>
                    <selectedcolor>red</selectedcolor>
                    <shadowcolor>$INFO[Window().Property(COLOR)]</shadowcolor>
                    <align>left</align>
                    <info>ListItem.Label</info>
                    <visible>Control.HasFocus(7004)</visible>
                </control>
            </focusedlayout>
        </control-->

        <control type="image">
            <description>program background</description>
            <posx>540</posx>
            <posy>10</posy>
            <width>730</width>
            <height>700</height>
            <texture>dgray.png</texture>
            <bordertexture border="2" colordiffuse=$INFO[Window().Property(COLOR)]>square.png</bordertexture>
            <bordersize>2</bordersize>
            <visible>true</visible>
        </control>
        <control type="image" id="7002">
            <description>program image</description>
            <posx>555</posx>
            <posy>428</posy>
            <width>700</width>
            <height>260</height>
            <align>left</align>
            <aligny>top</aligny>
            <aspectratio>keep</aspectratio>
            <texture>-</texture>
            <visible>!Player.HasMedia</visible>
        </control>
        <control type="videowindow">
            <description>program image</description>
            <posx>555</posx>
            <posy>428</posy>
            <width>700</width>
            <height>260</height>
            <align>left</align>
            <aligny>top</aligny>
            <aspectratio>keep</aspectratio>
        </control>
        <control type="label" id="7001">
            <description>program title</description>
            <posx>550</posx>
            <posy>50</posy>
            <width>710</width>
            <height>50</height>
            <textcolor>white</textcolor>
            <font>font13_title</font>
            <align>left</align>
            <aligny>top</aligny>
            <label/>
        </control>
        <control type="label" id="7003">
            <description>program date and time</description>
            <posx>1260</posx>
            <posy>50</posy>
            <width>710</width>
            <height>50</height>
            <textcolor>white</textcolor>
            <font>font13_title</font>
            <align>right</align>
            <aligny>top</aligny>
            <label></label>
        </control>

        <control type="label" id="7000">
            <description>program description</description>
            <posx>550</posx>
            <posy>80</posy>
            <width>710</width>
            <height>300</height>
            <textcolor>white</textcolor>
            <font>font13</font>
            <align>left</align>
            <aligny>top</aligny>
            <wrapmultiline>true</wrapmultiline>
            <autoscroll time="3600" delay="6000" repeat="6000">true</autoscroll>
            <label/>
        </control>

        <control type="label" id="4101">
            <description>channel title</description>
            <posx>550</posx>
            <posy>10</posy>
            <width>240</width>
            <height>50</height>
            <align>left</align>
            <aligny>center</aligny>
            <font>font13_title</font>
            <textcolor>white</textcolor>
            <visible>true</visible>
            <label></label>
        </control>
        <control type="image" id="4100">
            <description>channel logo</description>
            <!--<posx>285</posx>
            <posy>655</posy>
            <width>200</width>
            <height>45</height>-->
            <posx>188r</posx>
            <posy>12</posy>
            <width>176</width>
            <height>40</height>
            <align>center</align>
            <aligny>bottom</aligny>
            <aspectratio>keep</aspectratio>
            <visible>true</visible>
        </control>

        <control type="button" id="4015">
            <description>touch close</description>
            <posx>0</posx>
            <posy>0</posy>
            <width>1280</width>
            <height>720</height>
            <texturefocus></texturefocus>
            <texturenofocus></texturenofocus>
            <onup></onup>
            <ondown></ondown>
            <onleft></onleft>
            <align>center</align>
            <aligny>center</aligny>
            <font>font13</font>
            <textcolor>white</textcolor>
            <focusedcolor>black</focusedcolor>
            <label></label>
            <visible>true</visible>
        </control>
        <!--control type="button" id="4000">
            <description>watch stream</description>
            <posx>285</posx>
            <posy>20</posy>
            <width>200</width>
            <height>40</height>
            <texturefocus colordiffuse=$INFO[Window().Property(COLOR)]>square.png</texturefocus>
            <texturenofocus colordiffuse='gray' >square.png</texturenofocus>
            <onup></onup>
            <ondown>4013</ondown>
            <onleft>80003</onleft>
            <align>center</align>
            <aligny>center</aligny>
            <font>font13</font>
            <textcolor>$INFO[Window().Property(COLOR)]</textcolor>
            <shadowcolor>darkgray</shadowcolor>
            <focusedcolor>black</focusedcolor>
            <visible>true</visible>
            <label>$ADDON[plugin.video.universemedia 30309]</label>
        </control>
        <control type="button" id="4013">
            <description>Extended Info</description>
            <posx>285</posx>
            <posy>65</posy>
            <width>200</width>
            <height>40</height>
            <texturefocus colordiffuse=$INFO[Window().Property(COLOR)]>square.png</texturefocus>
            <texturenofocus colordiffuse='gray' >square.png</texturenofocus>
            <onup>4000</onup>
            <ondown>4011</ondown>
            <onleft>7004</onleft>
            <align>center</align>
            <aligny>center</aligny>
            <font>font13</font>
            <textcolor>$INFO[Window().Property(COLOR)]</textcolor>
            <focusedcolor>black</focusedcolor>
            <shadowcolor>darkgray</shadowcolor>
            <label>Extended Info</label>
            <visible>true</visible>
        </control>
        <control type="button" id="4011">
            <description>Lists</description>
            <posx>285</posx>
            <posy>110</posy>
            <width>200</width>
            <height>40</height>
            <texturefocus colordiffuse=$INFO[Window().Property(COLOR)]>square.png</texturefocus>
            <texturenofocus colordiffuse='gray' >square.png</texturenofocus>
            <onup>4013</onup>
            <ondown>4002</ondown>
            <onleft>7004</onleft>
            <align>center</align>
            <aligny>center</aligny>
            <font>font13</font>
            <textcolor>$INFO[Window().Property(COLOR)]</textcolor>
            <focusedcolor>black</focusedcolor>
            <visible>true</visible>
            <label>Lists</label>
        </control>
        <control type="button" id="4002">
            <description>reminder</description>
            <posx>285</posx>
            <posy>155</posy>
            <width>200</width>
            <height>40</height>
            <texturefocus colordiffuse=$INFO[Window().Property(COLOR)]>square.png</texturefocus>
            <texturenofocus colordiffuse='gray' >square.png</texturenofocus>
            <onup>4011</onup>
            <ondown>4008</ondown>
            <onleft>7004</onleft>
            <align>center</align>
            <aligny>center</aligny>
            <font>font13</font>
            <textcolor>$INFO[Window().Property(COLOR)]</textcolor>
            <focusedcolor>black</focusedcolor>
            <label>Remind</label>
        </control>
        <control type="button" id="4008">
            <description>autoplay</description>
            <posx>285</posx>
            <posy>200</posy>
            <width>200</width>
            <height>40</height>
            <texturefocus colordiffuse=$INFO[Window().Property(COLOR)]>square.png</texturefocus>
            <texturenofocus colordiffuse='gray' >square.png</texturenofocus>
            <onup>4002</onup>
            <ondown>4001</ondown>
            <onleft>7004</onleft>
            <align>center</align>
            <aligny>center</aligny>
            <font>font13</font>
            <textcolor>$INFO[Window().Property(COLOR)]</textcolor>
            <focusedcolor>black</focusedcolor>
            <label>AutoPlay</label>
        </control>
        <control type="button" id="4001">
            <description>Choose Stream</description>
            <posx>285</posx>
            <posy>245</posy>
            <width>200</width>
            <height>40</height>
            <texturefocus colordiffuse=$INFO[Window().Property(COLOR)]>square.png</texturefocus>
            <texturenofocus colordiffuse='gray' >square.png</texturenofocus>
            <onup>4008</onup>
            <ondown>4004</ondown>
            <onleft>7004</onleft>
            <align>center</align>
            <aligny>center</aligny>
            <font>font13</font>
            <textcolor>$INFO[Window().Property(COLOR)]</textcolor>
            <focusedcolor>black</focusedcolor>
            <label>Choose Stream</label>
        </control>
        <control type="button" id="4004">
            <description>Quit Button</description>
            <posx>285</posx>
            <posy>290</posy>
            <width>200</width>
            <height>40</height>
            <texturefocus colordiffuse=$INFO[Window().Property(COLOR)]>square.png</texturefocus>
            <texturenofocus colordiffuse='gray' >square.png</texturenofocus>
            <onup>4001</onup>
            <ondown>4000</ondown>
            <onleft>7004</onleft>
            <align>center</align>
            <aligny>center</aligny>
            <font>font13</font>
            <textcolor>$INFO[Window().Property(COLOR)]</textcolor>
            <shadowcolor>darkgray</shadowcolor>
            <focusedcolor>black</focusedcolor>
            <label>$ADDON[plugin.video.universemedia 30308]</label>
            <visible>true</visible>
        </control-->
        <control type="label">
            <!-- Choose Stream Text -->
            <posx>20</posx>
            <posy>380</posy>
            <width>200</width>
            <height>200</height>
            <font>font13</font>
            <textcolor>white</textcolor>
            <label>$ADDON[plugin.video.universemedia 30305]</label>
            <wrapmultiline>true</wrapmultiline>
            <visible>false</visible>
        </control>

        <control type="label" id="4102">
            <!-- Show Title -->
            <posx>20</posx>
            <posy>425</posy>
            <width>200</width>
            <height>40</height>
            <align>center</align>
            <aligny>center</aligny>
            <font>font13</font>
            <textcolor>white</textcolor>
            <visible>false</visible>
        </control>

        <!--<control type="button" id="4003">
            <description>Channels</description>
            <posx>285</posx>
            <posy>470</posy>
            <width>200</width>
            <height>40</height>
            <texturefocus>tvg-button-focus.png</texturefocus>
            <texturenofocus>tvg-button-nofocus.png</texturenofocus>
            <onup>4014</onup>
            <ondown>4000</ondown>
            <onleft>7004</onleft>
            <align>center</align>
            <aligny>center</aligny>
            <font>font13</font>
            <textcolor>white</textcolor>
            <focusedcolor>black</focusedcolor>
            <label>$ADDON[plugin.video.universemedia 30307]</label>
        </control>-->

        <!--<control type="button" id="4012">
            <description>simple favourites</description>
            <posx>285</posx>
            <posy>560</posy>
            <width>200</width>
            <height>40</height>
            <texturefocus>tvg-button-focus.png</texturefocus>
            <texturenofocus>tvg-button-nofocus.png</texturenofocus>
            <onup>4000</onup>
            <ondown>4016</ondown>
            <onleft>7004</onleft>
            <align>center</align>
            <aligny>center</aligny>
            <font>font13</font>
            <textcolor>white</textcolor>
            <focusedcolor>black</focusedcolor>
            <label>Favourites</label>
            <visible>true</visible>
        </control>-->

        <!--<control type="button" id="4016">
            <description>vod</description>
            <posx>285</posx>
            <posy>605</posy>
            <width>200</width>
            <height>40</height>
            <texturefocus>tvg-button-focus.png</texturefocus>
            <texturenofocus>tvg-button-nofocus.png</texturenofocus>
            <onup>4012</onup>
            <ondown>4004</ondown>
            <onleft>7004</onleft>
            <align>center</align>
            <aligny>center</aligny>
            <font>font13</font>
            <textcolor>white</textcolor>
            <focusedcolor>black</focusedcolor>
            <label>VOD</label>
            <visible>true</visible>
        </control>-->

        



        <control type="button" id="80000">
            <!-- MY MOVIES -->
            <posx>285</posx>
            <posy>436</posy>
            <width>200</width>
            <height>40</height>
            <texturefocus>tvg-button-focus.png</texturefocus>
            <texturenofocus>tvg-button-nofocus.png</texturenofocus>
            <onup>4002</onup>
            <ondown>80001</ondown>
            <onleft>7004</onleft>
            <align>center</align>
            <aligny>center</aligny>
            <font>font13</font>
            <textcolor>white</textcolor>
            <label>$ADDON[plugin.video.universemedia 80000]</label>
            <visible>false</visible>
        </control>

        <control type="button" id="80001">
            <!-- MY TV SHOWS -->
            <posx>285</posx>
            <posy>488</posy>
            <width>200</width>
            <height>40</height>
            <texturefocus>tvg-button-focus.png</texturefocus>
            <texturenofocus>tvg-button-nofocus.png</texturenofocus>
            <onup>80000</onup>
            <ondown>80002</ondown>
            <onleft>7004</onleft>
            <align>center</align>
            <aligny>center</aligny>
            <font>font13</font>
            <textcolor>white</textcolor>
            <focusedcolor>black</focusedcolor>
            <label>$ADDON[plugin.video.universemedia 80001]</label>
            <visible>false</visible>
        </control>

        <control type="button" id="80002">
            <!-- VIDEO ADDONS -->
            <posx>285</posx>
            <posy>540</posy>
            <width>200</width>
            <height>40</height>
            <texturefocus>tvg-button-focus.png</texturefocus>
            <texturenofocus>tvg-button-nofocus.png</texturenofocus>
            <onup>80001</onup>
            <ondown>4006</ondown>
            <onleft>7004</onleft>
            <align>center</align>
            <aligny>center</aligny>
            <font>font13</font>
            <textcolor>white</textcolor>
            <focusedcolor>black</focusedcolor>
            <label>$ADDON[plugin.video.universemedia 80002]</label>
            <visible>false</visible>
        </control>





        <control type="button" id="80004">
            <!-- QUIT -->
            <posx>285</posx>
            <posy>660</posy>
            <width>200</width>
            <height>40</height>
            <texturefocus>tvg-button-focus.png</texturefocus>
            <texturenofocus>tvg-button-nofocus.png</texturenofocus>
            <onup>4003</onup>
            <ondown>80000</ondown>
            <onleft>7004</onleft>
            <align>center</align>
            <aligny>center</aligny>
            <font>font13</font>
            <textcolor>white</textcolor>
            <focusedcolor>black</focusedcolor>
            <label>Remove Category</label>
            <visible>false</visible>
        </control>

        <!--<control type="button" id="4017">
            <description>catchup addon</description>
            <posx>20</posx>
            <posy>650</posy>
            <width>200</width>
            <height>50</height>
            <texturefocus>tvg-button-focus.png</texturefocus>
            <texturenofocus>tvg-button-nofocus.png</texturenofocus>
            <onup>4016</onup>
            <ondown>4004</ondown>
            <onleft>7004</onleft>
            <align>center</align>
            <aligny>center</aligny>
            <font>font13</font>
            <textcolor>white</textcolor>
            <focusedcolor>black</focusedcolor>
            <label>Catchup Addon</label>
            <visible>false</visible>
        </control>-->

        <control type="image" id="4025">
            <description>Addon Logo</description>
            <posx>1165</posx>
            <posy>605</posy>
            <width>100</width>
            <height>100</height>
            <aspectratio>keep</aspectratio>
            <align>left</align>
            <texture>-</texture>
            <visible>true</visible>
        </control>

        <control type="label" id="4026">
            <description>Addon Name</description>
            <posx>550</posx>
            <posy>680</posy>
            <width>200</width>
            <height>20</height>
            <align>left</align>
            <aligny>top</aligny>
            <font>font13_title</font>
            <textcolor>white</textcolor>
            <shadowcolor>black</shadowcolor>
            <label></label>
            <align>left</align>
            <scroll>true</scroll>
        </control>
    </controls>
</window>
