<?xml version="1.0" encoding="utf-8"?>
<window>
	<defaultcontrol always="false">1000</defaultcontrol>
	<coordinates>
		<left>0</left>
		<top>0</top>
	</coordinates>
	<animation effect="fade" time="250">WindowOpen</animation>
	<animation effect="fade" time="250">WindowClose</animation>
	<controls>
		<control type="button" id="1000">
			<description>fake button</description>
			<visable>false</visable>
		</control>
		<control type="image">
			<description>Background Image</description>
			<width>100%</width>
			<height>100%</height>
			<aspectratio>scale</aspectratio>
			<texture>service-background.png</texture>
		</control>
		<control type="label">
			<left>0</left>
			<top>0</top>
			<width>300</width>
			<height>30</height>
			<font>font13</font>
			<textcolor>$INFO[Window().Property(COLOR)]</textcolor>
			<shadowcolor>white</shadowcolor>
			<label>$INFO[System.Date(DDD)], $INFO[System.Date(dd)] $INFO[System.Date(MMM)]</label>
			<scroll>true</scroll>
		</control>
		<control type="label">
			<left>1130</left>
			<top>0</top>
			<width>150</width>
			<height>30</height>
			<font>font13</font>
			<textcolor>$INFO[Window().Property(COLOR)]</textcolor>
			<shadowcolor>white</shadowcolor>
			<label>$INFO[System.Time]</label>
			<align>right</align>
			<scroll>true</scroll>
		</control>
		<control type="list" id="2000">
			<left>850</left>
			<top>100</top>
			<width>400</width>
			<height>600</height>
			<onleft></onleft>
			<onright></onright>
			<onup>1000</onup>
			<ondown></ondown>
			<scrolltime tween="quadratic" easing="out">300</scrolltime>
			<orientation>vertical</orientation>
			<itemlayout height="55" width="400">
				<control type="label">
					<left>0</left>
					<top>0</top>
					<width>400</width>
					<height>45</height>
					<font>font60</font>
					<aligny>center</aligny>
					<textcolor>$INFO[Window().Property(COLOR)]</textcolor>
					<shadowcolor>white</shadowcolor>
					<align>right</align>
					<aligny>center</aligny>
					<label>$INFO[ListItem.label]</label>
				</control>
			</itemlayout>
			<focusedlayout height="55" width="400">
				<control type="label">
					<left>0</left>
					<top>0</top>
					<width>400</width>
					<height>45</height>
					<font>font60</font>
					<aligny>center</aligny>
					<align>right</align>
					<textcolor>white</textcolor>
					<shadowcolor>$INFO[Window().Property(COLOR)]</shadowcolor>
					<label>[B]$INFO[ListItem.label][/B]</label>
				</control>
			</focusedlayout>
		</control>
	</controls>
</window>
