<?xml version="1.0" encoding="utf-8"?>
<window>
	<defaultcontrol always="false">100</defaultcontrol>
	<coordinates>
		<left>150</left>
		<top>145</top>
	</coordinates>
	<animation effect="fade" time="250">WindowOpen</animation>
	<animation effect="fade" time="250">WindowClose</animation>
	<controls>
		<control type="image">
			<description>Background Image</description>
			<width>1000</width>
			<height>500</height>
			<aspectratio>scale</aspectratio>
			<texture>service-background2.png</texture>
		</control>
		<control type="image">
			<description>Background Image</description>
			<width>1000</width>
			<height>500</height>
			<texture >service-center-fade.png</texture>
		</control>
		<control type="label" id="200">
			<description>header label</description>
			<posx>20</posx>
			<posy>20</posy>
			<width>940</width>
			<height>75</height>
			<font>font_MainMenu</font>
			<label>$INFO[Window().Property(HEADER)]</label>
			<textcolor>$INFO[Window().Property(COLOR)]</textcolor>
			<shadowcolor>dimgray</shadowcolor>
		</control>
		<control type='button' id='100'>
			<description>Close Button</description>
			<width>50</width>
			<height>50</height>
			<top>0</top>
			<left>950</left>
			<ondown>101</ondown>
			<texturefocus colordiffuse='white'>closeX.png</texturefocus>
			<texturenofocus colordiffuse='purple'>closeX.png</texturenofocus>
			<onclick>PreviousMenu</onclick>
			<visible>system.getbool(input.enablemouse)</visible>
		</control>
		<control type="group">
			<top>100</top>
			<left>20</left>
			<control type="textbox" id="201">
				<description>text</description>
				<width>960</width>
				<height>390</height>
				<label>$INFO[Window().Property(TEXT)]</label>
				<font>font13</font>
				<align>justfiy</align>
				<textcolor>black</textcolor>
				<shadowcolor>$INFO[Window().Property(COLOR)]</shadowcolor>
				<pagecontrol>101</pagecontrol>
			</control>
			<control type="scrollbar" id="101">
				<left>965</left>
				<width>15</width>
				<height>390</height>
				<texturesliderbackground border="0,5,0,5">square.png</texturesliderbackground>
			<texturesliderbar border="0,5,0,5" colordiffuse="ff9370DB">square.png</texturesliderbar>
			<texturesliderbarfocus  border="0,5,0,5" colordiffuse=$INFO[Window().Property(COLOR)] >square.png</texturesliderbarfocus>
				<onleft></onleft>
				<onright></onright>
				<ondown></ondown>
				<onup>100</onup>
				<showonepage>true</showonepage>
				<orientation>vertical</orientation>
			</control>
		</control>
	</controls>
</window>