<?xml version="1.0" encoding="utf-8"?>
<window>
	<defaultcontrol always="false">1000</defaultcontrol>
	<coordinates>
		<left>0</left>
		<top>0</top>
	</coordinates>
	<visible>!Player.HasMedia</visible>
	<animation effect="fade" time="150">WindowOpen</animation>
	<animation effect="fade" time="500">WindowClose</animation>
	<controls>
		<control type="image">
			<description>Background Image</description>
			<width>100%</width>
			<height>100%</height>
			<aspectratio>scale</aspectratio>
			<texture>service-background2.png</texture>
		</control>
		<control type="label">
			<left>880</left>
			<top>0</top>
			<width>400</width>
			<height>30</height>
			<font>font13</font>
			<textcolor>$INFO[Window().Property(COLOR)]</textcolor>
			<shadowcolor>white</shadowcolor>
			<label>$INFO[System.Date(DDD)], $INFO[System.Date(dd)] $INFO[System.Date(MMM)] $INFO[System.Time]</label>
			<align>right</align>
			<scroll>true</scroll>
		</control>
		<control type="button" id="6000">
			<top>10</top>
			<left>10</left>
			<height>75</height>
			<width>75</width>
			<onright>2000</onright>
			<ondown>1000</ondown>
			<texturefocus>back-arrow.png</texturefocus>
			<texturenofocus>back-arrow.png</texturenofocus>
			<animation effect="zoom" end="110" center="auto" time="200">Focus</animation>
		</control>
		<control type="grouplist" id="1000">
			<top>150</top>
			<left>10</left>
			<height>600</height>
			<width>300</width>
			<align>top</align>
			<scrolltime tween="sine">200</scrolltime>
			<orientation>vertical</orientation>
			<itemgap>20</itemgap>
			<onup>6000</onup>
			<ondown></ondown>
			<onleft></onleft>
			<onright>2000</onright>
			<control type="button" id="1001">
				<animation effect="zoom" end="-2.5,-2.5,300,50" time="100">focus</animation>
				<texturefocus colordiffuse=$INFO[Window().Property(COLOR)]>square.png</texturefocus>
				<texturenofocus colordiffuse='gray' >square.png</texturenofocus>
				<width>295</width>
				<height>45</height>
				<label>Extended Info Script</label>
				<font>font13</font>
				<align>center</align>
				<aligny>center</aligny>
				<textcolor>$INFO[Window().Property(COLOR)]</textcolor>
				<shadowcolor>white</shadowcolor>
				<focusedcolor>dimgray</focusedcolor>
			</control>
			<control type="button" id="1002">
				<animation effect="zoom" end="-2.5,-2.5,300,50" time="100">focus</animation>
				<texturefocus colordiffuse=$INFO[Window().Property(COLOR)]>square.png</texturefocus>
				<texturenofocus colordiffuse='gray' >square.png</texturenofocus>
				<width>295</width>
				<height>45</height>
				<label>EPG</label>
				<font>font13</font>
				<align>center</align>
				<aligny>center</aligny>
				<textcolor>$INFO[Window().Property(COLOR)]</textcolor>
				<shadowcolor>white</shadowcolor>
				<focusedcolor>dimgray</focusedcolor>
			</control>
			<control type="button" id="1003">
				<animation effect="zoom" end="-2.5,-2.5,300,50" time="100">focus</animation>
				<texturefocus colordiffuse=$INFO[Window().Property(COLOR)]>square.png</texturefocus>
				<texturenofocus colordiffuse='gray' >square.png</texturenofocus>
				<width>295</width>
				<height>45</height>
				<label>Maintenance</label>
				<font>font13</font>
				<align>center</align>
				<aligny>center</aligny>
				<textcolor>$INFO[Window().Property(COLOR)]</textcolor>
				<shadowcolor>white</shadowcolor>
				<focusedcolor>dimgray</focusedcolor>
			</control>
			<control type="button" id="1004">
				<animation effect="zoom" end="-2.5,-2.5,300,50" time="100">focus</animation>
				<texturefocus colordiffuse=$INFO[Window().Property(COLOR)]>square.png</texturefocus>
				<texturenofocus colordiffuse='gray' >square.png</texturenofocus>
				<width>295</width>
				<height>45</height>
				<label>Tools</label>
				<font>font13</font>
				<align>center</align>
				<aligny>center</aligny>
				<textcolor>$INFO[Window().Property(COLOR)]</textcolor>
				<shadowcolor>white</shadowcolor>
				<focusedcolor>dimgray</focusedcolor>
			</control>
		</control>
		<control type="panel" id="2000">
			<posx>310</posx>
			<posy>125</posy>
			<width>660</width>
			<height>490</height>
			<onleft>1000</onleft>
			<onright></onright>
			<onup>6000</onup>
			<ondown></ondown>
			<scrolltime tween="sine" easing="out">200</scrolltime>
			<autoscroll>true</autoscroll>
			<viewtype label="536">icon</viewtype>
			<pagecontrol>60</pagecontrol>
			<itemlayout height="241" width="210">
				<control type="image">
					<posx>10</posx>
					<posy>10</posy>
					<width>190</width>
					<height>190</height>
					<info>ListItem.Icon</info>
				</control>
				<control type="image">
					<posx>80</posx>
					<posy>75</posy>
					<width>32</width>
					<height>32</height>
					<info>ListItem.Overlay</info>
				</control>
				<control type="label">
					<posx>15</posx>
					<posy>210</posy>
					<width>180</width>
					<height>31</height>
					<font>font13</font>
					<selectedcolor>$INFO[Window().Property(COLOR)]</selectedcolor>
					<align>center</align>
					<aligny>center</aligny>
					<scroll>true</scroll>
					<info>ListItem.Label</info>
				</control>
			</itemlayout>
			<focusedlayout height="241" width="210">
				<control type="image">
					<width>200</width>
					<height>200</height>
					<posx>5</posx>
					<posy>5</posy>
					<texture>lgray.png</texture>
					<animation effect="zoom" end="0,0,210,210" time="100">focus</animation>
				</control>
				<control type="image">
					<posx>10</posx>
					<posy>10</posy>
					<width>190</width>
					<height>190</height>
					<info>ListItem.Icon</info>
					<animation effect="zoom" end="5,5,200,200" time="100">focus</animation>
				</control>
				<control type="image">
					<posx>80</posx>
					<posy>75</posy>
					<width>32</width>
					<height>32</height>
					<info>ListItem.Overlay</info>
					<animation effect="slide" end="5,5" time="100">focus</animation>
				</control>
				<control type="label">
					<posx>15</posx>
					<posy>210</posy>
					<width>180</width>
					<height>31</height>
					<font>font13</font>
					<selectedcolor>$INFO[Window().Property(COLOR)]</selectedcolor>
					<align>center</align>
					<aligny>center</aligny>
					<scroll>true</scroll>
					<info>ListItem.Label</info>
				</control>
			</focusedlayout>
		</control>
		<control type="group" id="4000">
			<posx>945</posx>
			<posy>125</posy>
			<control type="image">
				<height>490</height>
				<width>330</width>
				<texture>dgray.png</texture>
				<bordertexture border="2" colordiffuse="$INFO[Window().Property(COLOR)]">white.png</bordertexture>
				<bordersize>2</bordersize>
			</control>
			<control type="textbox" id="4002">
				<description>variable info</description>
				<posx>6</posx>
				<posy>5</posy>
				<height>240</height>
				<width>319</width>
				<font>font13</font>
				<textcolor>white</textcolor>
				<shadowcolor>$INFO[Window().Property(COLOR)]</shadowcolor>
				<label>$INFO[Container(2000).ListItem.Property(description)]</label>
			</control>
			<control type="textbox" id="4003">
				<description>static info</description>
				<posx>5</posx>
				<posy>245</posy>
				<height>240</height>
				<width>320</width>
				<font>font13</font>
				<textcolor>white</textcolor>
				<shadowcolor>$INFO[Window().Property(COLOR)]</shadowcolor>
			</control>
		</control>
		<control type="group" id="5000">
			<posx>2</posx>
			<posy>620</posy>
			<control type="image">
				<height>95</height>
				<width>1276</width>
				<texture>dgray.png</texture>
				<bordertexture border="2" colordiffuse="$INFO[Window().Property(COLOR)]">white.png</bordertexture>
				<bordersize>2</bordersize>
			</control>
			<control type="textbox" id="5001">
				<posx>5</posx>
				<posy>5</posy>
				<height>85</height>
				<width>1266</width>
				<textcolor>white</textcolor>
				<shadowcolor>$INFO[Window().Property(COLOR)]</shadowcolor>
			</control>
		</control>
	</controls>
</window>