<?xml version="1.0" encoding="utf-8"?>
<window>
	<defaultcontrol always="false">2000</defaultcontrol>
	<coordinates>
		<left>0</left>
		<top>0</top>
	</coordinates>
	<animation effect="fade" time="250">WindowOpen</animation>
	<animation effect="fade" time="250">WindowClose</animation>
	<controls>
		<control type="image">
			<description>Background Image</description>
			<width>100%</width>
			<height>100%</height>
			<aspectratio>scale</aspectratio>
			<texture>service-background.png</texture>
		</control>
		<control type="image">
			<description>fanart Image</description>
			<width>100%</width>
			<height>100%</height>
			<visible>Control.HasFocus(2000)</visible>
			<texture >$INFO[Container(2000).ListItem.Art(fanart)]</texture>
		</control>
		<control type="image">
			<description>fanart side fade</description>
			<width>100%</width>
			<height>100%</height>
			<visible>Control.HasFocus(2000)</visible>
			<texture colordiffuse="black">service-fade-x-x.png</texture>
		</control>
		<control type="wraplist" id="2000">
			<top>450</top>
			<left>0</left>
			<height>260</height>
			<width>1280</width>
			<onup>1000</onup>
			<viewtype label="3D list">list</viewtype>
			<orientation>horizontal</orientation>
			<focusposition>1</focusposition>
			<scrolltime tween="sine" easing="out">200</scrolltime>
			<itemlayout width="182" height="260">
				<control type="image">
					<top>5</top>
					<left>8</left>
					<height>250</height>
					<width>166</width>
					<info>ListItem.Icon</info>
				</control>
			</itemlayout>
			<focusedlayout height="260" width="182">
				<control type="image">
					<animation effect="zoom" end="110" time="100" center="auto">focus</animation>
					<top>5</top>
					<left>8</left>
					<height>250</height>
					<width>166</width>
					<info>ListItem.Icon</info>
				</control>
			</focusedlayout>
		</control>
		<control type="label" id="2003">
			<top>5</top>
			<left>5</left>
			<height>50</height>
			<width>1280</width>
			<align>left</align>
			<font>font_MainMenu</font>
			<textcolor>gray</textcolor>
			<shadowcolor>$INFO[Window().Property(COLOR)]</shadowcolor>
			<label>$INFO[Container(2000).ListItem.Label]</label>
			<visible>Control.HasFocus(2000)</visible>
		</control>
		<control type="textbox" id="2001">
			<top>100</top>
			<left>5</left>
			<height>300</height>
			<width>450</width>
			<font>font13</font>
			<textcolor>FFFFFFFF</textcolor>
			<visible>Control.HasFocus(2000)</visible>
			<label>$INFO[Container(2000).ListItem.Plot]</label>
		</control>
		<control type="button" id="1000">
			<top>10</top>
			<left>1195</left>
			<height>75</height>
			<width>75</width>
			<onright></onright>
			<ondown>2000</ondown>
			<texturefocus>back-arrow.png</texturefocus>
			<texturenofocus>back-arrow.png</texturenofocus>
			<animation effect="zoom" end="110" center="auto" time="200">Focus</animation>
		</control>
	</controls>
</window>