<addon id="repository.androidabarepository" name="Androidaba Repository" version="1.0" provider-name="Androidaba">
	<extension point="xbmc.addon.repository" name="Androidaba Repository">
		<info compressed="false">http://www.androidaba.com/zip/addon.xml</info>
		<checksum>http://www.androidaba.com/zip/addons.xml.md5</checksum>
		<datadir zip="true">http://www.androidaba.com/zip/</datadir>
	</extension>
	<extension point="xbmc.addon.metadata">
		<summary>Androidaba Official Repository</summary>
		<description>Repository ufficiale di Androidaba</description>
<news>v1.0
- Beta 
</news>
		<platform>all</platform>
	</extension>
</addon>
