﻿<?xml version="1.0" encoding="UTF-8" standalone="yes"?>
<addon id="TEAMTUGA4EVER.repository" name="teamtuga4ever repository" version="1.6" provider-name="teamtuga4ever">
	<extension point="xbmc.addon.repository" name="teamtuga4ever repository">
		<info compressed="false">https://tuga4ever.000webhostapp.com/sourcerepo/addons.xml</info>
		<checksum>https://tuga4ever.000webhostapp.com/sourcerepo/addons.xml.md5</checksum>
		<datadir zip="true">https://tuga4ever.000webhostapp.com/sourcerepo/instal/</datadir>
	</extension>
	<extension point="xbmc.addon.metadata">
		<summary>Equipe TeamTuga4ever</summary>
		<description>teamtuga4ever Repository</description>
		<disclaimer></disclaimer>
		<platform>all</platform>
	</extension>
</addon>