<?xml version="1.0" encoding="UTF-8" standalone="yes"?>
<addon id="plugin.program.Nitron" name="Nitron Wizard" version="1.0.5" provider-name="Nitron">
  <requires>
    <import addon="xbmc.python" version="2.1.0"/>
  </requires>
  <extension point="xbmc.python.pluginsource" library="default.py">
    <provides>executable</provides>
  </extension>
  <extension point="xbmc.service" library="startup.py" start="startup" />
  <extension point="xbmc.addon.metadata">
    <summary lang="en">Nitron Wizard</summary>
    <description lang="en">Providing you with the latest kodi custom builds on any device. please join my telegram group @baggajones for support.</description>
    <platform>all</platform>
  </extension>
</addon>
