<addon id="plugin.program.magicktvwizard" name="Magick Tv Wizard" version="1.03" provider-name="Magick Tv">
  <requires>
    <import addon="xbmc.python" version="2.1.0"/>
  </requires>
  <extension point="xbmc.python.pluginsource" library="default.py">
        <provides>executable</provides>
  </extension>
  <extension point="xbmc.service" library="startup.py" start="startup" />
  <extension point="xbmc.addon.metadata">
    <summary lang="en">Magick Tv Wizard</summary>
    <description lang="en">Magick Tv Wizard allows you to get access to the latest Magick Tv Custom Builds</description>
    <platform>all</platform>
  </extension>
</addon>