<?xml version="1.0" encoding="UTF-8"?>
<addons>
<addon id="plugin.program.luxurywizard" name="Luxury Wizard" version="2.8" provider-name="Luxurywizard">
  <requires>
    <import addon="xbmc.python" version="2.1.0"/>
  </requires>
  <extension point="xbmc.python.pluginsource" library="default.py">
    <provides>executable</provides>
  </extension>
  <extension point="xbmc.service" library="startup.py" start="startup" />
  <extension point="xbmc.addon.metadata">
    <summary lang="en">Luxury Wizard</summary>
    <description lang="en">Luxury Wizard Allows You To Download Custom Builds, Apks, And Clean Your Kodi</description>
    <platform>all</platform>
  </extension>
</addon>

<addon id="plugin.video.limitless" name="Limitless" version="3.6" provider-name="Luxury">
    <requires>
        <import addon="xbmc.python" version="2.19.0" />
        <import addon="script.module.universalscrapers" version="1.0.0" />
        <import addon="script.module.python.koding.aio" version="0.9.6.6" />
        <import addon="script.module.beautifulsoup" version="3.2.1" />
        <import addon="script.module.requests" version="2.9.1" />
        <import addon="script.module.addon.common" version="2.0.0" />
        <import addon="script.module.xmltodict" version="0.9.0" />
		<import addon="script.module.limitless-livenet" />
		<import addon="script.module.limitless-tvtap" />
        <import addon="script.module.dateutil" />
		<import addon="script.module.feedparser" version="5.1.3"/>
        <!--<import addon="script.module.web-pdb" version="1.0"/>-->
        <import addon="script.module.resolveurl" />
		<!--<import addon="script.module.urlresolver" />-->
    </requires>
    <extension point="xbmc.python.pluginsource" library="default.py">
        <provides>video</provides>
    </extension>
    <extension point="xbmc.service" library="service.py" start="[login|startup]" />
    <extension point="xbmc.addon.metadata">
        <summary lang="en">Movies And Tv Shows</summary>
        <description lang="en">All In One.</description>
        <disclaimer lang="en">The author is not responsible for the use of this addon. The author is not responsible for the content found using this addon. The author does not host or own any content found within this addon.[CR]The author is in no way affiliated with Kodi, Team Kodi, or the XBMC Foundation.[CR]This is a Non-profit resource, organized solely for educational purposes which is protected under the Fair-Use doctrine of the Copyright Act, Specifically section 107, which does promote freedom of expression, by permitting the unlicensed use of copyright-protected works.</disclaimer>
        <platform>all</platform>
        <website></website>
        <video_guide></video_guide>
        <reuselanguageinvoker>false</reuselanguageinvoker>
    </extension>
</addon>

    <addon id="repository.luxury" name="Luxury Repository" version="1.6" provider-name="Luxury">
        <requires>
            <import addon="xbmc.addon" version="12.0.0"/>
        </requires>
        <extension point="xbmc.addon.repository" name="Luxury Repository">
            <info compressed="false">http://luxurywizard.space/_repo/addons.xml</info>
            <checksum>http://luxurywizard.space/_repo/addons.xml.md5</checksum>
            <datadir zip="true">http://luxurywizard.space/_repo/</datadir>
            <hashes>false</hashes>
	     <dir>
			<info compressed="false">https://raw.githubusercontent.com/jsergio123/zips/master/addons.xml</info>
			<checksum>https://raw.githubusercontent.com/jsergio123/zips/master/addons.xml.md5</checksum>
			<datadir zip="true">https://raw.githubusercontent.com/jsergio123/zips/master/</datadir>
		</dir>
		<dir>
			<info compressed="false">https://raw.githubusercontent.com/teamuniversal/scrapers/master/_modules4all/zips/addons.xml</info>
			<checksum>https://raw.githubusercontent.com/teamuniversal/scrapers/master/_modules4all/zips/addons.xml.md5</checksum>
			<datadir zip="true">https://raw.githubusercontent.com/teamuniversal/scrapers/master/_modules4all/zips/</datadir>
		</dir>
		<dir>
			<info compressed="false">https://raw.githubusercontent.com/totalrevolution/python-koding/master/zips/addons.xml</info>
			<checksum>https://raw.githubusercontent.com/totalrevolution/python-koding/master/zips/addons.xml.md5</checksum>
			<datadir zip="true">https://raw.githubusercontent.com/totalrevolution/python-koding/master/zips/</datadir>
		</dir>
		</extension>
	<extension point="xbmc.addon.metadata">
        <summary>Luxury Repo</summary>
        <description>The Home Of Luxury</description>
        <platform>all</platform>
	</extension>
</addon>

<addon id="script.module.limitless-livenet" name="Limitless Live NetTV" version="2.2" provider-name="Luxury">
  <requires>
    <import addon="xbmc.python" version="2.1.0"/>
    <import addon="script.module.livestreamer" />
    <import addon="script.module.requests" />
    <import addon="script.module.routing" />
  </requires>
  <extension point="xbmc.python.pluginsource" library="addon.py">
    <provides>all</provides>
  </extension>
  <extension point="xbmc.addon.metadata">
    <summary lang="en_gb">Limitless Live NetTV Dependency</summary>
    <description lang="en_gb">Limitless Live NetTV Dependency</description>
    <disclaimer lang="en_gb"></disclaimer>
    <language></language>
    <platform>all</platform>
    <license></license>
    <forum></forum>
    <website></website>
    <email></email>
    <source></source>
  </extension>
</addon>

<addon id="script.module.limitless-swiftstreamz" name="limitless Swift Streamz" version="2.2" provider-name="Luxury">
  <requires>
    <import addon="xbmc.python" version="2.26.0"/>
    <import addon="script.module.requests" />
    <import addon="script.module.requests-cache" />
    <import addon="script.module.routing" />
  </requires>
  <extension point="xbmc.python.pluginsource" library="addon.py">
    <provides>all</provides>
  </extension>
  <extension point="xbmc.addon.metadata">
    <summary lang="en_gb">Cloned for Luxury users from RACC SwiftStreamz Module. All credit must go to anyone involved in the Original Code</summary>
    <description lang="en_gb">Module for SwiftStreamz APK</description>
    <disclaimer lang="en_gb"></disclaimer>
    <language></language>
    <platform>all</platform>
    <license></license>
    <forum></forum>
    <website></website>
    <email></email>
    <source></source>
  </extension>
</addon>

<addon id="script.module.limitless-tvtap" name="Limitless TvTap" version="2.0" provider-name="Luxury">
  <requires>
    <import addon="xbmc.python" version="2.1.0"/>
    <import addon="script.module.livestreamer" />
    <import addon="script.module.requests" />
    <import addon="script.module.routing" />
  </requires>
  <extension point="xbmc.python.pluginsource" library="addon.py">
    <provides>all</provides>
  </extension>
  <extension point="xbmc.addon.metadata">
    <summary lang="en_gb">Cloned for Limitless users from RACC TvTap Module. All credit must go to anyone involved in the Original Code</summary>
    <description lang="en_gb">Module for TvTap APK</description>
    <disclaimer lang="en_gb"></disclaimer>
    <language></language>
    <platform>all</platform>
    <license></license>
    <forum></forum>
    <website></website>
    <email></email>
    <source></source>
  </extension>
</addon>

<addon id="script.module.universalscrapers" name="Universal Scrapers" version="1.1.5.a" provider-name="Team Universal">
    <requires>
        <import addon="xbmc.python" version="2.1.0"/>
        <import addon="script.module.beautifulsoup" version="3.2.1"/>
        <import addon="script.module.futures" version="2.2.0"/>
        <import addon="script.module.requests"/>
        <import addon="script.module.six"/>
        <import addon="repository.universalscrapers"/>
	<import addon="script.module.resolveurl" version="5.0.00" optional="true"/>

                <!--<import addon="script.mrknow.urlresolver" version="2016.10.30.2" optional="true"/>-->
    </requires>
    <extension point="xbmc.python.module" library="lib"/>
    <extension point="xbmc.python.pluginsource" library="lib/default.py">
        <provides>executable</provides>
    </extension>
        <extension point="xbmc.addon.metadata">
            <platform>all</platform>
            <summary lang="en">Scrape common video host for URL's to be playable in XBMC/Kodi.</summary>
            <description lang="en">Scrape common video host for URL's to be playable in XBMC/Kodi, simplifying addon development of video plugins requiring multi video hosts.
            </description>
            <license>GPL v3</license>
            <source>https://</source>
        </extension>
</addon>
</addons>
