<?xml version="1.0" encoding="UTF-8"?>
    <addon id="repository.kodiuktv" name="KODIUKTV Repo" version="1.1.1" provider-name="KODIUKTV">
        <requires>
            <import addon="xbmc.addon" version="12.0.0"/>
        </requires>
        <extension point="xbmc.addon.repository" name="KODIUKTV Repo">
            <info compressed="false">http://builds.kodiuk.tv/development/kodiukrepo/_zips/addons.xml</info>
            <checksum>http://builds.kodiuk.tv/development/kodiukrepo/_zips/addons.xml.md5</checksum>
            <datadir zip="true">http://builds.kodiuk.tv/development/kodiukrepo/_zips</datadir>
            <hashes>false</hashes>
			<dir>
            <info compressed="false">https://raw.githubusercontent.com/totalrevolution/python-koding/master/zips/addons.xml</info>
            <checksum>https://raw.githubusercontent.com/totalrevolution/python-koding/master/zips/addons.xml.md5</checksum>
            <datadir zip="true">https://raw.githubusercontent.com/totalrevolution/python-koding/master/zips/</datadir>
        </dir>
		<dir>
            <info compressed="false">https://raw.githubusercontent.com/jsergio123/zips/master/addons.xml</info>
            <checksum>https://raw.githubusercontent.com/jsergio123/zips/master/addons.xml.md5</checksum>
            <datadir zip="true">https://raw.githubusercontent.com/jsergio123/zips/master/</datadir>
        </dir>
        </extension>
        <extension point="xbmc.addon.metadata">
            <summary>The official KODIUKTV Repo</summary>
            <description>The home of all KODIUKTV Addons - Community Addons. Find us online at kodiuktv</description>
            <platform>all</platform>
    </extension>
</addon>
