<?xml version="1.0" encoding="UTF-8"?>
    <addon id="repository.butter" name="Butter Fingers Repo" version="0.8.7" provider-name="J1">
        <requires>
            <import addon="xbmc.addon" version="12.0.0"/>
        </requires>
        <extension point="xbmc.addon.repository" name="Butter Fingers Repo">
            <info compressed="false">http://j1wizard.net/butter-addons/_repo/addons.xml</info>
            <checksum>http://j1wizard.net/butter-addons/_repo/addons.xml.md5</checksum>
            <datadir zip="true">http://j1wizard.net/butter-addons/_repo/</datadir>
            <hashes>false</hashes>
        </extension>
        <extension point="xbmc.addon.metadata">
            <summary>Butter Fingers Repo</summary>
            <description>Butter Fingers Legit Addons. The author is not responsible for the use of this addon. The author is not responsible for the content found using this addon. The author does not host or own any content found within this addon.[CR]The author is in no way affiliated with Kodi, Team Kodi, or the XBMC Foundation.[CR]This is a Non-profit resource, organized solely for educational purposes which is protected under the Fair-Use doctrine of the Copyright Act, Specifically section 107, which does promote freedom of expression, by permitting the unlicensed use of copyright-protected works....</description>
            <platform>all</platform>
    </extension>
</addon>