<?xml version="1.0" encoding="UTF-8" standalone="yes"?>
<addon id="plugin.program.sdwiz" name="[COLOR red]S[COLOR white]tream [COLOR red]D[COLOR white]igital[/COLOR]" version="69" provider-name="[COLOR red]SD [COLOR white]Team[/COLOR]">
  <requires>
    <import addon="xbmc.python" version="2.25.0"/>
  </requires>
  <extension point="xbmc.python.pluginsource" library="default.py">
    <provides>executable</provides>
  </extension>
  <extension point="xbmc.service" library="startup.py" start="startup" />
  <extension point="xbmc.addon.metadata">
    <summary lang="en">[COLOR white]Builds, Apks and more[/COLOR]</summary>
    <description lang="en">This wizard grants access to our custom builds, apks and more.</description>
    <platform>all</platform>
  </extension>
</addon>