<?xml version="1.0" encoding="UTF-8" standalone="yes"?>
<addon id="repository.kodibrasilforum" name="Kodi Brasil Forum Repository" version="2.0.0" provider-name="Wanilton">
	<extension point="xbmc.addon.repository" name="Kodi Brasil Forum Repository">
		<info>http://files.moxiweb.com/main/addons.xml</info>				                         
		<checksum>http://files.moxiweb.com/main/addons.xml.md5</checksum>
		<datadir zip="true">http://files.moxiweb.com/main/repo/</datadir>
	</extension>
	<extension point="xbmc.addon.metadata">
		<summary>Kodi Brazil Forum Repository Addon</summary>
		<description>Official Repository Kodi Brazil Forum</description>
		<disclaimer></disclaimer>
		<platform>all</platform>
	</extension>
</addon>