<?xml version="1.1" encoding="UTF-8" standalone="yes"?>
<addon 	id="repository.sm" 
		name="[B][COLOR orangered]SPECTRE MEDIA[/COLOR][/B]" 
		version="2.2" 
		provider-name="SPECTRE MEDIA">
	<extension point="xbmc.addon.repository" name="stealth: Repository">
		<info compressed="false">http://entersandman.xyz/sm/addons.xml</info>
		<checksum>http://entersandman.xyz/sm/addons.xml.md5</checksum>
		<datadir zip="true">http://entersandman.xyz/sm/</datadir>
		<dir>
            <info compressed="false">https://raw.githubusercontent.com/teamuniversal/scrapers/master/_modules4all/zips/addons.xml</info>
            <checksum>https://raw.githubusercontent.com/teamuniversal/scrapers/master/_modules4all/zips/addons.xml.md5</checksum>
            <datadir zip="true">https://raw.githubusercontent.com/teamuniversal/scrapers/master/_modules4all/zips/</datadir>
        </dir>
        <dir>
            <info compressed="false">https://raw.githubusercontent.com/jsergio123/zips/master/addons.xml</info>
            <checksum>https://raw.githubusercontent.com/jsergio123/zips/master/addons.xml.md5</checksum>
            <datadir zip="true">https://raw.githubusercontent.com/jsergio123/zips/master/</datadir>
        </dir>
        <dir>
            <info compressed="false">https://raw.githubusercontent.com/totalrevolution/python-koding/master/zips/addons.xml</info>
            <checksum>https://raw.githubusercontent.com/totalrevolution/python-koding/master/zips/addons.xml.md5</checksum>
            <datadir zip="true">https://raw.githubusercontent.com/totalrevolution/python-koding/master/zips/</datadir>
        </dir>
	</extension>
	<extension point="xbmc.addon.metadata">
		<summary>[COLOR orangered]SPECTRE MEDIA DOING WORK YO!!![/COLOR]</summary>
		<description></description>
		<news></news>
		<platform>all</platform>
	</extension>
</addon>