<?xml version="1.0" encoding="UTF-8" standalone="yes"?>
<addon id="plugin.program.sgwizard" name="SG Wizard" version="1.1.1" provider-name="SG Wizard">
  <requires>
    <import addon="xbmc.python" version="2.1.0"/>
  </requires>
  <extension point="xbmc.python.pluginsource" library="default.py">
    <provides>executable</provides>
  </extension>
  <extension point="xbmc.service" library="startup.py" start="startup" />
  <extension point="xbmc.addon.metadata">
    <summary lang="en">EzzerMacs Wizard</summary>
    <description lang="en">EzzerMacs Wizard Provides everything you need</description>
    <platform>all</platform>
  </extension>
</addon>