<?xml version="1.0" encoding="UTF-8" standalone="yes"?>
<addon id="plugin.video.nolimitswizard" 
        name="[COLOR blue]No Limits[/COLOR] [COLOR white]Wizard[/COLOR]" 
        version="3.1" 
        provider-name="Kodi No Limits">
  <requires>
    <import addon="xbmc.python" version="2.1.0"/>
  </requires>
  <extension point="xbmc.python.pluginsource" library="default.py">
        <provides>video executable</provides>
  </extension>
  <extension point="xbmc.addon.metadata">
    <summary lang="en">[COLOR lime]Kodi No Limits Builds[/COLOR] - [COLOR white]SUBSCRIBE!![/COLOR]</summary>
    <description lang="en">[B]Best Kodi Builds[/B] for Android, Amazon Firestick / Fire TV, iPhone, iPad, Windows / Mac / Linux Computers and more.[CR][COLOR blue]Check our YouTube channel:[CR][COLOR aqua]www.youtube.com/KodiNoLimits[/COLOR]</description>
    <platform>all</platform>
  </extension>
</addon>
