<addon id="repository.2small" name="2small Repo" provider-name="2small" version="0.0.2">
    <extension point="xbmc.addon.repository" name="2small Repo">
        <info compressed="true">https://2small.eu/repo/addons.xml</info>
        <checksum>https://2small.eu/repo/addons.xml.md5</checksum>
        <datadir zip="true">https://2small.eu/repo/</datadir>
    </extension>
    <extension point="xbmc.addon.metadata">
        <summary lang="en_GB">Install 2small Repo Addons</summary>
        <summary lang="lt_LT">Įdiekite 2small Repo priedus</summary>
        <description lang="en_GB">Download and install addons</description>
        <description lang="lt_LT">Parsisiųskite ir įdiekite priedus</description>
        <platform>all</platform>
    </extension>
</addon>