<?xml version="1.0" encoding="UTF-8" standalone="yes"?>
<addon id="repository.planetmania" name="[B]Planetmania Repository[/B]" version="1.0" provider-name="Planet Android Mania">
	<extension point="xbmc.addon.repository" name="planetmania Repository ">
		<info compressed="false">http://planetmania.altervista.org/zip/addons.xml</info>
		<checksum>http://planetmania.altervista.org/zip/addons.xml.md5</checksum>
		<datadir zip="true">http://planetmania.altervista.org/zip/</datadir>
	</extension>
	  <extension point="xbmc.addon.metadata">
		<summary lang="en">Planetmania Repository</summary>
		<description lang="en">Repository Kodi Addon TEAM PLANETANDROIDMANIA</description>
		<platform>all</platform>
		<forum></forum>
		<website></website>
	  <assets>
		<icon>icon.png</icon>
		
	  </assets>
	  </extension>
</addon>	