<?xml version="1.0" encoding="UTF-8" standalone="yes"?>
<addon id="plugin.video.nolimitswizard18" 
       name="[COLOR blue]No Limits[/COLOR] [COLOR white]Wizard18[/COLOR]" 
       version="3.4" 
       provider-name="Kodi No Limits">
  <requires>
    <import addon="xbmc.python" version="2.1.0"/>
	<import addon="script.module.requests" version="2.9.1"/>
  </requires>
  <extension point="xbmc.python.pluginsource" library="default.py">
    <provides>video executable</provides>
  </extension>
  <extension point="xbmc.service" library="startup.py" start="startup" />
  <extension point="xbmc.addon.metadata">
    <summary lang="en">[COLOR lime]Kodi No Limits Builds[/COLOR] - [COLOR white]SUBSCRIBE!![/COLOR]</summary>
    <description lang="en">[B]Best Kodi Builds[/B] for Amazon Firestick / Fire TV / Fire Cube, Android, Nvidia Shield TV, Windows / Mac / Linux Computers, Xbox One, iPhone, iPad and many more.[CR][COLOR blue]Check our YouTube channel:[CR][COLOR aqua]www.youtube.com/KodiNoLimits[/COLOR]</description>
    <platform>all</platform>
  </extension>
</addon>