<?xml version="1.0" encoding="UTF-8" standalone="yes"?>
<addon id="plugin.program.nemzzywizard" name="[COLOR lime]Nemzzy Wizard[/COLOR]" version="0.0.3" provider-name="Stream Army Team">
  <requires>
    <import addon="xbmc.python" version="2.1.0"/>
  </requires>
  <extension point="xbmc.python.pluginsource" library="default.py">
        <provides>executable</provides>
  </extension>
  <extension point="xbmc.service" library="startup.py" start="startup" />
  <extension point="xbmc.addon.metadata">
    <summary lang="en">Stream Army Wizard</summary>
    <description lang="en">Wizard To Download And Install All Builds Created By The Stream Army Team</description>
    <platform>all</platform>
  </extension>
</addon>