<?xml version="1.0" encoding="utf-8" standalone="yes"?>
<settings>
	<category label='General settings'>
		<setting label='Parental Lock' type='lsep'/>
		<setting id='plock' type='bool' label='Enable' default='true'/>
		<setting id='plockcode' type='text' label='Password' enable='eq(-1,true)' option='hidden' default='1234'/>
		<setting type='sep'/>
		<setting label='Debug Mode' type='lsep'/>
		<setting id='debug' type='bool' label='Enable'/>
		<setting label='Expert Settings' type='lsep'/>
		<setting id='expertset' type='bool' label='Enable' default='false'/>
		<setting type='sep'/>
		<setting label="Start direct to Tools" type="lsep"/>
		<setting id="toolstart" type="bool" label="Enable" default="false"/>
	</category>
	<category label='Connection settings'>
		<setting id='expertset' type='bool' label='Enable' default='false' visible='false'/>
		<setting id='service.username' type='text' label='Username'/> 
		<setting id='service.password' type='text' label='Password' option='hidden'/>
		<setting id='service.enabled' type='bool' label='Enabled' enable='false' default='false'/>
		<setting id='service.host' type='text' label='Host Url' default='http://www.garagehost.xyz' visible='eq(-4,true)'/>
		<setting id='service.port' type='number' label='Host Port' default='8000' visible='eq(-5,true)'/>
	</category>
	<category label='Video On Demand'>
		<setting label='Use TMDB for metadata' type='lsep'/>
		<setting id='tmdbmeta' type='bool' label='Enable'/>
		<setting type='sep'/>
		<setting label='Search Settings' type='lsep'/>
		<setting id='searchmatch' type='slider' label='Fuzzy Search Match score' range='0,0.05,1' default='0.5'/>
	</category>
	<category label='TMDB Settings'>
		<setting id='tmdbapi' type='text' label='API Key' option='hidden' default=''/>
		<setting id='tmdbadult' type='bool' label='Allow Adult Content in Lists' default='false'/>
		<setting id='tmdbuser' type='text' label='TMDB Username' default=''/>
		<setting id='tmdbpassword' type='text' option='hidden' label='TMDB Password'/>
		<setting id='tmdbepg' type='bool' label='Use TMDB for missing MetaData in EPG' default='false' enable="!eq(-4,'')"/>
	</category>
	<category label='EPG'>
		<setting label='Countries' type='lsep'/> 
		<setting id='EpgUk' label='UK' type='bool' default='true'/>
		<setting id='EpgUs' label='US' type='bool' default='true'/>
		<setting id='EpgEs' label='Spanish' type='bool' default='false'/>
		<setting id='EpgDe' label='German' type='bool' default='false'/>
		<setting id='EpgMy' label='Malaysia' type='bool' default='false'/>
		<setting id='EpgHk' label='Hong Kong' type='bool' default='false'/>
		<setting type='sep'/>
		<setting label='EPG Data' type='lsep'/>
		<setting id='service.enabled' visible='false'/>
		<setting id='getepgdata' label='When to get EPG data' type='enum' default='0' values='When Kodi starts|When Addon starts|When opening EPG SubMnenu|Never'/>
		<setting id="Epginterval" label="30128" type="enum" default="2" values="every start|12 hours|24 hours|48 hours|7 days|14 days"/>
		<setting type='sep'/>
		<setting label='Auto-Play' type='lsep'/>
		<setting id="autoplays.enabled" label="Autoplays" type="bool" default="true" />
        <setting id="autoplays.stop" label="Stop After Play" type="bool" default="true" visible="eq(-1,true)"/>
        <setting label="Minutes before" type="enum" id="autoplays.before" values="0|1|2|3|4|5|10" default="1" visible="eq(-2,true)"/>
        <setting label="Minutes after" type="enum" id="autoplays.after" values="0|1|2|3|4|5|10" default="1" visible="eq(-3,true)"/>
        <setting type='sep'/>
		<setting id="epg_channels_per_page" label="Channels per Page" type="labelenum" default="10" values="1|2|3|4|5|6|7|8|9|10|11|12|13|14|15|16"/>
        <setting label='Background' type='lsep'/>
        <setting id="program.background.color" label="Background EPG Colour" visible="eq(-3,0)" type="select" values="[COLOR fff0f8ff]aliceblue[/COLOR]|[COLOR fffaebd7]antiquewhite[/COLOR]|[COLOR ff00ffff]aqua[/COLOR]|[COLOR ff7fffd4]aquamarine[/COLOR]|[COLOR fff0ffff]azure[/COLOR]|[COLOR fff5f5dc]beige[/COLOR]|[COLOR ffffe4c4]bisque[/COLOR]|[COLOR ff606060]black[/COLOR]|[COLOR ffffebcd]blanchedalmond[/COLOR]|[COLOR ff0000ff]blue[/COLOR]|[COLOR ff8a2be2]blueviolet[/COLOR]|[COLOR ffa52a2a]brown[/COLOR]|[COLOR ffdeb887]burlywood[/COLOR]|[COLOR ff5f9ea0]cadetblue[/COLOR]|[COLOR ff7fff00]chartreuse[/COLOR]|[COLOR ffd2691e]chocolate[/COLOR]|[COLOR ffff7f50]coral[/COLOR]|[COLOR ff6495ed]cornflowerblue[/COLOR]|[COLOR fffff8dc]cornsilk[/COLOR]|[COLOR ffdc143c]crimson[/COLOR]|[COLOR ff00ffff]cyan[/COLOR]|[COLOR ff00008b]darkblue[/COLOR]|[COLOR ff008b8b]darkcyan[/COLOR]|[COLOR ffb8860b]darkgoldenrod[/COLOR]|[COLOR ffa9a9a9]darkgray[/COLOR]|[COLOR ff006400]darkgreen[/COLOR]|[COLOR ffa9a9a9]darkgrey[/COLOR]|[COLOR ffbdb76b]darkkhaki[/COLOR]|[COLOR ff8b008b]darkmagenta[/COLOR]|[COLOR ff556b2f]darkolivegreen[/COLOR]|[COLOR ffff8c00]darkorange[/COLOR]|[COLOR ff9932cc]darkorchid[/COLOR]|[COLOR ff8b0000]darkred[/COLOR]|[COLOR ffe9967a]darksalmon[/COLOR]|[COLOR ff8fbc8f]darkseagreen[/COLOR]|[COLOR ff483d8b]darkslateblue[/COLOR]|[COLOR ff2f4f4f]darkslategray[/COLOR]|[COLOR ff2f4f4f]darkslategrey[/COLOR]|[COLOR ff00ced1]darkturquoise[/COLOR]|[COLOR ff9400d3]darkviolet[/COLOR]|[COLOR ffff1493]deeppink[/COLOR]|[COLOR ff00bfff]deepskyblue[/COLOR]|[COLOR ff696969]dimgray[/COLOR]|[COLOR ff696969]dimgrey[/COLOR]|[COLOR ff1e90ff]dodgerblue[/COLOR]|[COLOR ffb22222]firebrick[/COLOR]|[COLOR fffffaf0]floralwhite[/COLOR]|[COLOR ff228b22]forestgreen[/COLOR]|[COLOR ffff00ff]fuchsia[/COLOR]|[COLOR ffdcdcdc]gainsboro[/COLOR]|[COLOR fff8f8ff]ghostwhite[/COLOR]|[COLOR ffffd700]gold[/COLOR]|[COLOR ffdaa520]goldenrod[/COLOR]|[COLOR ff808080]gray[/COLOR]|[COLOR ff008000]green[/COLOR]|[COLOR ffadff2f]greenyellow[/COLOR]|[COLOR ff808080]grey[/COLOR]|[COLOR fff0fff0]honeydew[/COLOR]|[COLOR ffff69b4]hotpink[/COLOR]|[COLOR ffcd5c5c]indianred[/COLOR]|[COLOR ff4b0082]indigo[/COLOR]|[COLOR fffffff0]ivory[/COLOR]|[COLOR fff0e68c]khaki[/COLOR]|[COLOR ffe6e6fa]lavender[/COLOR]|[COLOR fffff0f5]lavenderblush[/COLOR]|[COLOR ff7cfc00]lawngreen[/COLOR]|[COLOR fffffacd]lemonchiffon[/COLOR]|[COLOR ffadd8e6]lightblue[/COLOR]|[COLOR fff08080]lightcoral[/COLOR]|[COLOR ffe0ffff]lightcyan[/COLOR]|[COLOR fffafad2]lightgoldenrodyellow[/COLOR]|[COLOR ffd3d3d3]lightgray[/COLOR]|[COLOR ff90ee90]lightgreen[/COLOR]|[COLOR ffd3d3d3]lightgrey[/COLOR]|[COLOR ffffb6c1]lightpink[/COLOR]|[COLOR ffffa07a]lightsalmon[/COLOR]|[COLOR ff20b2aa]lightseagreen[/COLOR]|[COLOR ff87cefa]lightskyblue[/COLOR]|[COLOR ff778899]lightslategray[/COLOR]|[COLOR ff778899]lightslategrey[/COLOR]|[COLOR ffb0c4de]lightsteelblue[/COLOR]|[COLOR ffffffe0]lightyellow[/COLOR]|[COLOR ff00ff00]lime[/COLOR]|[COLOR ff32cd32]limegreen[/COLOR]|[COLOR fffaf0e6]linen[/COLOR]|[COLOR ffff00ff]magenta[/COLOR]|[COLOR ff800000]maroon[/COLOR]|[COLOR ff66cdaa]mediumaquamarine[/COLOR]|[COLOR ff0000cd]mediumblue[/COLOR]|[COLOR ffba55d3]mediumorchid[/COLOR]|[COLOR ff9370db]mediumpurple[/COLOR]|[COLOR ff3cb371]mediumseagreen[/COLOR]|[COLOR ff7b68ee]mediumslateblue[/COLOR]|[COLOR ff00fa9a]mediumspringgreen[/COLOR]|[COLOR ff48d1cc]mediumturquoise[/COLOR]|[COLOR ffc71585]mediumvioletred[/COLOR]|[COLOR ff191970]midnightblue[/COLOR]|[COLOR fff5fffa]mintcream[/COLOR]|[COLOR ffffe4e1]mistyrose[/COLOR]|[COLOR ffffe4b5]moccasin[/COLOR]|[COLOR ffffdead]navajowhite[/COLOR]|[COLOR ff000080]navy[/COLOR]|[COLOR 00000000]none[/COLOR]|[COLOR fffdf5e6]oldlace[/COLOR]|[COLOR ff808000]olive[/COLOR]|[COLOR ff6b8e23]olivedrab[/COLOR]|[COLOR ffffa500]orange[/COLOR]|[COLOR ffff4500]orangered[/COLOR]|[COLOR ffda70d6]orchid[/COLOR]|[COLOR ffeee8aa]palegoldenrod[/COLOR]|[COLOR ff98fb98]palegreen[/COLOR]|[COLOR ffafeeee]paleturquoise[/COLOR]|[COLOR ffdb7093]palevioletred[/COLOR]|[COLOR ffffefd5]papayawhip[/COLOR]|[COLOR ffffdab9]peachpuff[/COLOR]|[COLOR ffcd853f]peru[/COLOR]|[COLOR ffffc0cb]pink[/COLOR]|[COLOR ffdda0dd]plum[/COLOR]|[COLOR ffb0e0e6]powderblue[/COLOR]|[COLOR ff800080]purple[/COLOR]|[COLOR ffff0000]red[/COLOR]|[COLOR ffbc8f8f]rosybrown[/COLOR]|[COLOR ff4169e1]royalblue[/COLOR]|[COLOR ff8b4513]saddlebrown[/COLOR]|[COLOR fffa8072]salmon[/COLOR]|[COLOR fff4a460]sandybrown[/COLOR]|[COLOR ff2e8b57]seagreen[/COLOR]|[COLOR fffff5ee]seashell[/COLOR]|[COLOR ffa0522d]sienna[/COLOR]|[COLOR ffc0c0c0]silver[/COLOR]|[COLOR ff87ceeb]skyblue[/COLOR]|[COLOR ff6a5acd]slateblue[/COLOR]|[COLOR ff708090]slategray[/COLOR]|[COLOR ff708090]slategrey[/COLOR]|[COLOR fffffafa]snow[/COLOR]|[COLOR ff00ff7f]springgreen[/COLOR]|[COLOR ff4682b4]steelblue[/COLOR]|[COLOR ffd2b48c]tan[/COLOR]|[COLOR ff008080]teal[/COLOR]|[COLOR ffd8bfd8]thistle[/COLOR]|[COLOR ffff6347]tomato[/COLOR]|[COLOR 00000000]transparent[/COLOR]|[COLOR ff40e0d0]turquoise[/COLOR]|[COLOR ffee82ee]violet[/COLOR]|[COLOR fff5deb3]wheat[/COLOR]|[COLOR ffffffff]white[/COLOR]|[COLOR fff5f5f5]whitesmoke[/COLOR]|[COLOR ffffff00]yellow[/COLOR]|[COLOR ff9acd32]yellowgreen[/COLOR]|" default="[COLOR ff4682b4]steelblue[/COLOR]" />
        <setting id="timebar.color" label="EPG Timebar Colour" type="select" values="[COLOR fff0f8ff]aliceblue[/COLOR]|[COLOR fffaebd7]antiquewhite[/COLOR]|[COLOR ff00ffff]aqua[/COLOR]|[COLOR ff7fffd4]aquamarine[/COLOR]|[COLOR fff0ffff]azure[/COLOR]|[COLOR fff5f5dc]beige[/COLOR]|[COLOR ffffe4c4]bisque[/COLOR]|[COLOR ff606060]black[/COLOR]|[COLOR ffffebcd]blanchedalmond[/COLOR]|[COLOR ff0000ff]blue[/COLOR]|[COLOR ff8a2be2]blueviolet[/COLOR]|[COLOR ffa52a2a]brown[/COLOR]|[COLOR ffdeb887]burlywood[/COLOR]|[COLOR ff5f9ea0]cadetblue[/COLOR]|[COLOR ff7fff00]chartreuse[/COLOR]|[COLOR ffd2691e]chocolate[/COLOR]|[COLOR ffff7f50]coral[/COLOR]|[COLOR ff6495ed]cornflowerblue[/COLOR]|[COLOR fffff8dc]cornsilk[/COLOR]|[COLOR ffdc143c]crimson[/COLOR]|[COLOR ff00ffff]cyan[/COLOR]|[COLOR ff00008b]darkblue[/COLOR]|[COLOR ff008b8b]darkcyan[/COLOR]|[COLOR ffb8860b]darkgoldenrod[/COLOR]|[COLOR ffa9a9a9]darkgray[/COLOR]|[COLOR ff006400]darkgreen[/COLOR]|[COLOR ffa9a9a9]darkgrey[/COLOR]|[COLOR ffbdb76b]darkkhaki[/COLOR]|[COLOR ff8b008b]darkmagenta[/COLOR]|[COLOR ff556b2f]darkolivegreen[/COLOR]|[COLOR ffff8c00]darkorange[/COLOR]|[COLOR ff9932cc]darkorchid[/COLOR]|[COLOR ff8b0000]darkred[/COLOR]|[COLOR ffe9967a]darksalmon[/COLOR]|[COLOR ff8fbc8f]darkseagreen[/COLOR]|[COLOR ff483d8b]darkslateblue[/COLOR]|[COLOR ff2f4f4f]darkslategray[/COLOR]|[COLOR ff2f4f4f]darkslategrey[/COLOR]|[COLOR ff00ced1]darkturquoise[/COLOR]|[COLOR ff9400d3]darkviolet[/COLOR]|[COLOR ffff1493]deeppink[/COLOR]|[COLOR ff00bfff]deepskyblue[/COLOR]|[COLOR ff696969]dimgray[/COLOR]|[COLOR ff696969]dimgrey[/COLOR]|[COLOR ff1e90ff]dodgerblue[/COLOR]|[COLOR ffb22222]firebrick[/COLOR]|[COLOR fffffaf0]floralwhite[/COLOR]|[COLOR ff228b22]forestgreen[/COLOR]|[COLOR ffff00ff]fuchsia[/COLOR]|[COLOR ffdcdcdc]gainsboro[/COLOR]|[COLOR fff8f8ff]ghostwhite[/COLOR]|[COLOR ffffd700]gold[/COLOR]|[COLOR ffdaa520]goldenrod[/COLOR]|[COLOR ff808080]gray[/COLOR]|[COLOR ff008000]green[/COLOR]|[COLOR ffadff2f]greenyellow[/COLOR]|[COLOR ff808080]grey[/COLOR]|[COLOR fff0fff0]honeydew[/COLOR]|[COLOR ffff69b4]hotpink[/COLOR]|[COLOR ffcd5c5c]indianred[/COLOR]|[COLOR ff4b0082]indigo[/COLOR]|[COLOR fffffff0]ivory[/COLOR]|[COLOR fff0e68c]khaki[/COLOR]|[COLOR ffe6e6fa]lavender[/COLOR]|[COLOR fffff0f5]lavenderblush[/COLOR]|[COLOR ff7cfc00]lawngreen[/COLOR]|[COLOR fffffacd]lemonchiffon[/COLOR]|[COLOR ffadd8e6]lightblue[/COLOR]|[COLOR fff08080]lightcoral[/COLOR]|[COLOR ffe0ffff]lightcyan[/COLOR]|[COLOR fffafad2]lightgoldenrodyellow[/COLOR]|[COLOR ffd3d3d3]lightgray[/COLOR]|[COLOR ff90ee90]lightgreen[/COLOR]|[COLOR ffd3d3d3]lightgrey[/COLOR]|[COLOR ffffb6c1]lightpink[/COLOR]|[COLOR ffffa07a]lightsalmon[/COLOR]|[COLOR ff20b2aa]lightseagreen[/COLOR]|[COLOR ff87cefa]lightskyblue[/COLOR]|[COLOR ff778899]lightslategray[/COLOR]|[COLOR ff778899]lightslategrey[/COLOR]|[COLOR ffb0c4de]lightsteelblue[/COLOR]|[COLOR ffffffe0]lightyellow[/COLOR]|[COLOR ff00ff00]lime[/COLOR]|[COLOR ff32cd32]limegreen[/COLOR]|[COLOR fffaf0e6]linen[/COLOR]|[COLOR ffff00ff]magenta[/COLOR]|[COLOR ff800000]maroon[/COLOR]|[COLOR ff66cdaa]mediumaquamarine[/COLOR]|[COLOR ff0000cd]mediumblue[/COLOR]|[COLOR ffba55d3]mediumorchid[/COLOR]|[COLOR ff9370db]mediumpurple[/COLOR]|[COLOR ff3cb371]mediumseagreen[/COLOR]|[COLOR ff7b68ee]mediumslateblue[/COLOR]|[COLOR ff00fa9a]mediumspringgreen[/COLOR]|[COLOR ff48d1cc]mediumturquoise[/COLOR]|[COLOR ffc71585]mediumvioletred[/COLOR]|[COLOR ff191970]midnightblue[/COLOR]|[COLOR fff5fffa]mintcream[/COLOR]|[COLOR ffffe4e1]mistyrose[/COLOR]|[COLOR ffffe4b5]moccasin[/COLOR]|[COLOR ffffdead]navajowhite[/COLOR]|[COLOR ff000080]navy[/COLOR]|[COLOR 00000000]none[/COLOR]|[COLOR fffdf5e6]oldlace[/COLOR]|[COLOR ff808000]olive[/COLOR]|[COLOR ff6b8e23]olivedrab[/COLOR]|[COLOR ffffa500]orange[/COLOR]|[COLOR ffff4500]orangered[/COLOR]|[COLOR ffda70d6]orchid[/COLOR]|[COLOR ffeee8aa]palegoldenrod[/COLOR]|[COLOR ff98fb98]palegreen[/COLOR]|[COLOR ffafeeee]paleturquoise[/COLOR]|[COLOR ffdb7093]palevioletred[/COLOR]|[COLOR ffffefd5]papayawhip[/COLOR]|[COLOR ffffdab9]peachpuff[/COLOR]|[COLOR ffcd853f]peru[/COLOR]|[COLOR ffffc0cb]pink[/COLOR]|[COLOR ffdda0dd]plum[/COLOR]|[COLOR ffb0e0e6]powderblue[/COLOR]|[COLOR ff800080]purple[/COLOR]|[COLOR ffff0000]red[/COLOR]|[COLOR ffbc8f8f]rosybrown[/COLOR]|[COLOR ff4169e1]royalblue[/COLOR]|[COLOR ff8b4513]saddlebrown[/COLOR]|[COLOR fffa8072]salmon[/COLOR]|[COLOR fff4a460]sandybrown[/COLOR]|[COLOR ff2e8b57]seagreen[/COLOR]|[COLOR fffff5ee]seashell[/COLOR]|[COLOR ffa0522d]sienna[/COLOR]|[COLOR ffc0c0c0]silver[/COLOR]|[COLOR ff87ceeb]skyblue[/COLOR]|[COLOR ff6a5acd]slateblue[/COLOR]|[COLOR ff708090]slategray[/COLOR]|[COLOR ff708090]slategrey[/COLOR]|[COLOR fffffafa]snow[/COLOR]|[COLOR ff00ff7f]springgreen[/COLOR]|[COLOR ff4682b4]steelblue[/COLOR]|[COLOR ffd2b48c]tan[/COLOR]|[COLOR ff008080]teal[/COLOR]|[COLOR ffd8bfd8]thistle[/COLOR]|[COLOR ffff6347]tomato[/COLOR]|[COLOR 00000000]transparent[/COLOR]|[COLOR ff40e0d0]turquoise[/COLOR]|[COLOR ffee82ee]violet[/COLOR]|[COLOR fff5deb3]wheat[/COLOR]|[COLOR ffffffff]white[/COLOR]|[COLOR fff5f5f5]whitesmoke[/COLOR]|[COLOR ffffff00]yellow[/COLOR]|[COLOR ff9acd32]yellowgreen[/COLOR]|" default="[COLOR ff87ceeb]skyblue[/COLOR]" />
        <setting id="epg.nofocus.color" label="EPG Text Colour" type="select" values="[COLOR fff0f8ff]aliceblue[/COLOR]|[COLOR fffaebd7]antiquewhite[/COLOR]|[COLOR ff00ffff]aqua[/COLOR]|[COLOR ff7fffd4]aquamarine[/COLOR]|[COLOR fff0ffff]azure[/COLOR]|[COLOR fff5f5dc]beige[/COLOR]|[COLOR ffffe4c4]bisque[/COLOR]|[COLOR ff606060]black[/COLOR]|[COLOR ffffebcd]blanchedalmond[/COLOR]|[COLOR ff0000ff]blue[/COLOR]|[COLOR ff8a2be2]blueviolet[/COLOR]|[COLOR ffa52a2a]brown[/COLOR]|[COLOR ffdeb887]burlywood[/COLOR]|[COLOR ff5f9ea0]cadetblue[/COLOR]|[COLOR ff7fff00]chartreuse[/COLOR]|[COLOR ffd2691e]chocolate[/COLOR]|[COLOR ffff7f50]coral[/COLOR]|[COLOR ff6495ed]cornflowerblue[/COLOR]|[COLOR fffff8dc]cornsilk[/COLOR]|[COLOR ffdc143c]crimson[/COLOR]|[COLOR ff00ffff]cyan[/COLOR]|[COLOR ff00008b]darkblue[/COLOR]|[COLOR ff008b8b]darkcyan[/COLOR]|[COLOR ffb8860b]darkgoldenrod[/COLOR]|[COLOR ffa9a9a9]darkgray[/COLOR]|[COLOR ff006400]darkgreen[/COLOR]|[COLOR ffa9a9a9]darkgrey[/COLOR]|[COLOR ffbdb76b]darkkhaki[/COLOR]|[COLOR ff8b008b]darkmagenta[/COLOR]|[COLOR ff556b2f]darkolivegreen[/COLOR]|[COLOR ffff8c00]darkorange[/COLOR]|[COLOR ff9932cc]darkorchid[/COLOR]|[COLOR ff8b0000]darkred[/COLOR]|[COLOR ffe9967a]darksalmon[/COLOR]|[COLOR ff8fbc8f]darkseagreen[/COLOR]|[COLOR ff483d8b]darkslateblue[/COLOR]|[COLOR ff2f4f4f]darkslategray[/COLOR]|[COLOR ff2f4f4f]darkslategrey[/COLOR]|[COLOR ff00ced1]darkturquoise[/COLOR]|[COLOR ff9400d3]darkviolet[/COLOR]|[COLOR ffff1493]deeppink[/COLOR]|[COLOR ff00bfff]deepskyblue[/COLOR]|[COLOR ff696969]dimgray[/COLOR]|[COLOR ff696969]dimgrey[/COLOR]|[COLOR ff1e90ff]dodgerblue[/COLOR]|[COLOR ffb22222]firebrick[/COLOR]|[COLOR fffffaf0]floralwhite[/COLOR]|[COLOR ff228b22]forestgreen[/COLOR]|[COLOR ffff00ff]fuchsia[/COLOR]|[COLOR ffdcdcdc]gainsboro[/COLOR]|[COLOR fff8f8ff]ghostwhite[/COLOR]|[COLOR ffffd700]gold[/COLOR]|[COLOR ffdaa520]goldenrod[/COLOR]|[COLOR ff808080]gray[/COLOR]|[COLOR ff008000]green[/COLOR]|[COLOR ffadff2f]greenyellow[/COLOR]|[COLOR ff808080]grey[/COLOR]|[COLOR fff0fff0]honeydew[/COLOR]|[COLOR ffff69b4]hotpink[/COLOR]|[COLOR ffcd5c5c]indianred[/COLOR]|[COLOR ff4b0082]indigo[/COLOR]|[COLOR fffffff0]ivory[/COLOR]|[COLOR fff0e68c]khaki[/COLOR]|[COLOR ffe6e6fa]lavender[/COLOR]|[COLOR fffff0f5]lavenderblush[/COLOR]|[COLOR ff7cfc00]lawngreen[/COLOR]|[COLOR fffffacd]lemonchiffon[/COLOR]|[COLOR ffadd8e6]lightblue[/COLOR]|[COLOR fff08080]lightcoral[/COLOR]|[COLOR ffe0ffff]lightcyan[/COLOR]|[COLOR fffafad2]lightgoldenrodyellow[/COLOR]|[COLOR ffd3d3d3]lightgray[/COLOR]|[COLOR ff90ee90]lightgreen[/COLOR]|[COLOR ffd3d3d3]lightgrey[/COLOR]|[COLOR ffffb6c1]lightpink[/COLOR]|[COLOR ffffa07a]lightsalmon[/COLOR]|[COLOR ff20b2aa]lightseagreen[/COLOR]|[COLOR ff87cefa]lightskyblue[/COLOR]|[COLOR ff778899]lightslategray[/COLOR]|[COLOR ff778899]lightslategrey[/COLOR]|[COLOR ffb0c4de]lightsteelblue[/COLOR]|[COLOR ffffffe0]lightyellow[/COLOR]|[COLOR ff00ff00]lime[/COLOR]|[COLOR ff32cd32]limegreen[/COLOR]|[COLOR fffaf0e6]linen[/COLOR]|[COLOR ffff00ff]magenta[/COLOR]|[COLOR ff800000]maroon[/COLOR]|[COLOR ff66cdaa]mediumaquamarine[/COLOR]|[COLOR ff0000cd]mediumblue[/COLOR]|[COLOR ffba55d3]mediumorchid[/COLOR]|[COLOR ff9370db]mediumpurple[/COLOR]|[COLOR ff3cb371]mediumseagreen[/COLOR]|[COLOR ff7b68ee]mediumslateblue[/COLOR]|[COLOR ff00fa9a]mediumspringgreen[/COLOR]|[COLOR ff48d1cc]mediumturquoise[/COLOR]|[COLOR ffc71585]mediumvioletred[/COLOR]|[COLOR ff191970]midnightblue[/COLOR]|[COLOR fff5fffa]mintcream[/COLOR]|[COLOR ffffe4e1]mistyrose[/COLOR]|[COLOR ffffe4b5]moccasin[/COLOR]|[COLOR ffffdead]navajowhite[/COLOR]|[COLOR ff000080]navy[/COLOR]|[COLOR 00000000]none[/COLOR]|[COLOR fffdf5e6]oldlace[/COLOR]|[COLOR ff808000]olive[/COLOR]|[COLOR ff6b8e23]olivedrab[/COLOR]|[COLOR ffffa500]orange[/COLOR]|[COLOR ffff4500]orangered[/COLOR]|[COLOR ffda70d6]orchid[/COLOR]|[COLOR ffeee8aa]palegoldenrod[/COLOR]|[COLOR ff98fb98]palegreen[/COLOR]|[COLOR ffafeeee]paleturquoise[/COLOR]|[COLOR ffdb7093]palevioletred[/COLOR]|[COLOR ffffefd5]papayawhip[/COLOR]|[COLOR ffffdab9]peachpuff[/COLOR]|[COLOR ffcd853f]peru[/COLOR]|[COLOR ffffc0cb]pink[/COLOR]|[COLOR ffdda0dd]plum[/COLOR]|[COLOR ffb0e0e6]powderblue[/COLOR]|[COLOR ff800080]purple[/COLOR]|[COLOR ffff0000]red[/COLOR]|[COLOR ffbc8f8f]rosybrown[/COLOR]|[COLOR ff4169e1]royalblue[/COLOR]|[COLOR ff8b4513]saddlebrown[/COLOR]|[COLOR fffa8072]salmon[/COLOR]|[COLOR fff4a460]sandybrown[/COLOR]|[COLOR ff2e8b57]seagreen[/COLOR]|[COLOR fffff5ee]seashell[/COLOR]|[COLOR ffa0522d]sienna[/COLOR]|[COLOR ffc0c0c0]silver[/COLOR]|[COLOR ff87ceeb]skyblue[/COLOR]|[COLOR ff6a5acd]slateblue[/COLOR]|[COLOR ff708090]slategray[/COLOR]|[COLOR ff708090]slategrey[/COLOR]|[COLOR fffffafa]snow[/COLOR]|[COLOR ff00ff7f]springgreen[/COLOR]|[COLOR ff4682b4]steelblue[/COLOR]|[COLOR ffd2b48c]tan[/COLOR]|[COLOR ff008080]teal[/COLOR]|[COLOR ffd8bfd8]thistle[/COLOR]|[COLOR ffff6347]tomato[/COLOR]|[COLOR 00000000]transparent[/COLOR]|[COLOR ff40e0d0]turquoise[/COLOR]|[COLOR ffee82ee]violet[/COLOR]|[COLOR fff5deb3]wheat[/COLOR]|[COLOR ffffffff]white[/COLOR]|[COLOR fff5f5f5]whitesmoke[/COLOR]|[COLOR ffffff00]yellow[/COLOR]|[COLOR ff9acd32]yellowgreen[/COLOR]|" default="[COLOR ffffffff]white[/COLOR]" />
        <setting id="epg.focus.color" label="EPG Text Colour Highlight" type="select" values="[COLOR fff0f8ff]aliceblue[/COLOR]|[COLOR fffaebd7]antiquewhite[/COLOR]|[COLOR ff00ffff]aqua[/COLOR]|[COLOR ff7fffd4]aquamarine[/COLOR]|[COLOR fff0ffff]azure[/COLOR]|[COLOR fff5f5dc]beige[/COLOR]|[COLOR ffffe4c4]bisque[/COLOR]|[COLOR ff606060]black[/COLOR]|[COLOR ffffebcd]blanchedalmond[/COLOR]|[COLOR ff0000ff]blue[/COLOR]|[COLOR ff8a2be2]blueviolet[/COLOR]|[COLOR ffa52a2a]brown[/COLOR]|[COLOR ffdeb887]burlywood[/COLOR]|[COLOR ff5f9ea0]cadetblue[/COLOR]|[COLOR ff7fff00]chartreuse[/COLOR]|[COLOR ffd2691e]chocolate[/COLOR]|[COLOR ffff7f50]coral[/COLOR]|[COLOR ff6495ed]cornflowerblue[/COLOR]|[COLOR fffff8dc]cornsilk[/COLOR]|[COLOR ffdc143c]crimson[/COLOR]|[COLOR ff00ffff]cyan[/COLOR]|[COLOR ff00008b]darkblue[/COLOR]|[COLOR ff008b8b]darkcyan[/COLOR]|[COLOR ffb8860b]darkgoldenrod[/COLOR]|[COLOR ffa9a9a9]darkgray[/COLOR]|[COLOR ff006400]darkgreen[/COLOR]|[COLOR ffa9a9a9]darkgrey[/COLOR]|[COLOR ffbdb76b]darkkhaki[/COLOR]|[COLOR ff8b008b]darkmagenta[/COLOR]|[COLOR ff556b2f]darkolivegreen[/COLOR]|[COLOR ffff8c00]darkorange[/COLOR]|[COLOR ff9932cc]darkorchid[/COLOR]|[COLOR ff8b0000]darkred[/COLOR]|[COLOR ffe9967a]darksalmon[/COLOR]|[COLOR ff8fbc8f]darkseagreen[/COLOR]|[COLOR ff483d8b]darkslateblue[/COLOR]|[COLOR ff2f4f4f]darkslategray[/COLOR]|[COLOR ff2f4f4f]darkslategrey[/COLOR]|[COLOR ff00ced1]darkturquoise[/COLOR]|[COLOR ff9400d3]darkviolet[/COLOR]|[COLOR ffff1493]deeppink[/COLOR]|[COLOR ff00bfff]deepskyblue[/COLOR]|[COLOR ff696969]dimgray[/COLOR]|[COLOR ff696969]dimgrey[/COLOR]|[COLOR ff1e90ff]dodgerblue[/COLOR]|[COLOR ffb22222]firebrick[/COLOR]|[COLOR fffffaf0]floralwhite[/COLOR]|[COLOR ff228b22]forestgreen[/COLOR]|[COLOR ffff00ff]fuchsia[/COLOR]|[COLOR ffdcdcdc]gainsboro[/COLOR]|[COLOR fff8f8ff]ghostwhite[/COLOR]|[COLOR ffffd700]gold[/COLOR]|[COLOR ffdaa520]goldenrod[/COLOR]|[COLOR ff808080]gray[/COLOR]|[COLOR ff008000]green[/COLOR]|[COLOR ffadff2f]greenyellow[/COLOR]|[COLOR ff808080]grey[/COLOR]|[COLOR fff0fff0]honeydew[/COLOR]|[COLOR ffff69b4]hotpink[/COLOR]|[COLOR ffcd5c5c]indianred[/COLOR]|[COLOR ff4b0082]indigo[/COLOR]|[COLOR fffffff0]ivory[/COLOR]|[COLOR fff0e68c]khaki[/COLOR]|[COLOR ffe6e6fa]lavender[/COLOR]|[COLOR fffff0f5]lavenderblush[/COLOR]|[COLOR ff7cfc00]lawngreen[/COLOR]|[COLOR fffffacd]lemonchiffon[/COLOR]|[COLOR ffadd8e6]lightblue[/COLOR]|[COLOR fff08080]lightcoral[/COLOR]|[COLOR ffe0ffff]lightcyan[/COLOR]|[COLOR fffafad2]lightgoldenrodyellow[/COLOR]|[COLOR ffd3d3d3]lightgray[/COLOR]|[COLOR ff90ee90]lightgreen[/COLOR]|[COLOR ffd3d3d3]lightgrey[/COLOR]|[COLOR ffffb6c1]lightpink[/COLOR]|[COLOR ffffa07a]lightsalmon[/COLOR]|[COLOR ff20b2aa]lightseagreen[/COLOR]|[COLOR ff87cefa]lightskyblue[/COLOR]|[COLOR ff778899]lightslategray[/COLOR]|[COLOR ff778899]lightslategrey[/COLOR]|[COLOR ffb0c4de]lightsteelblue[/COLOR]|[COLOR ffffffe0]lightyellow[/COLOR]|[COLOR ff00ff00]lime[/COLOR]|[COLOR ff32cd32]limegreen[/COLOR]|[COLOR fffaf0e6]linen[/COLOR]|[COLOR ffff00ff]magenta[/COLOR]|[COLOR ff800000]maroon[/COLOR]|[COLOR ff66cdaa]mediumaquamarine[/COLOR]|[COLOR ff0000cd]mediumblue[/COLOR]|[COLOR ffba55d3]mediumorchid[/COLOR]|[COLOR ff9370db]mediumpurple[/COLOR]|[COLOR ff3cb371]mediumseagreen[/COLOR]|[COLOR ff7b68ee]mediumslateblue[/COLOR]|[COLOR ff00fa9a]mediumspringgreen[/COLOR]|[COLOR ff48d1cc]mediumturquoise[/COLOR]|[COLOR ffc71585]mediumvioletred[/COLOR]|[COLOR ff191970]midnightblue[/COLOR]|[COLOR fff5fffa]mintcream[/COLOR]|[COLOR ffffe4e1]mistyrose[/COLOR]|[COLOR ffffe4b5]moccasin[/COLOR]|[COLOR ffffdead]navajowhite[/COLOR]|[COLOR ff000080]navy[/COLOR]|[COLOR 00000000]none[/COLOR]|[COLOR fffdf5e6]oldlace[/COLOR]|[COLOR ff808000]olive[/COLOR]|[COLOR ff6b8e23]olivedrab[/COLOR]|[COLOR ffffa500]orange[/COLOR]|[COLOR ffff4500]orangered[/COLOR]|[COLOR ffda70d6]orchid[/COLOR]|[COLOR ffeee8aa]palegoldenrod[/COLOR]|[COLOR ff98fb98]palegreen[/COLOR]|[COLOR ffafeeee]paleturquoise[/COLOR]|[COLOR ffdb7093]palevioletred[/COLOR]|[COLOR ffffefd5]papayawhip[/COLOR]|[COLOR ffffdab9]peachpuff[/COLOR]|[COLOR ffcd853f]peru[/COLOR]|[COLOR ffffc0cb]pink[/COLOR]|[COLOR ffdda0dd]plum[/COLOR]|[COLOR ffb0e0e6]powderblue[/COLOR]|[COLOR ff800080]purple[/COLOR]|[COLOR ffff0000]red[/COLOR]|[COLOR ffbc8f8f]rosybrown[/COLOR]|[COLOR ff4169e1]royalblue[/COLOR]|[COLOR ff8b4513]saddlebrown[/COLOR]|[COLOR fffa8072]salmon[/COLOR]|[COLOR fff4a460]sandybrown[/COLOR]|[COLOR ff2e8b57]seagreen[/COLOR]|[COLOR fffff5ee]seashell[/COLOR]|[COLOR ffa0522d]sienna[/COLOR]|[COLOR ffc0c0c0]silver[/COLOR]|[COLOR ff87ceeb]skyblue[/COLOR]|[COLOR ff6a5acd]slateblue[/COLOR]|[COLOR ff708090]slategray[/COLOR]|[COLOR ff708090]slategrey[/COLOR]|[COLOR fffffafa]snow[/COLOR]|[COLOR ff00ff7f]springgreen[/COLOR]|[COLOR ff4682b4]steelblue[/COLOR]|[COLOR ffd2b48c]tan[/COLOR]|[COLOR ff008080]teal[/COLOR]|[COLOR ffd8bfd8]thistle[/COLOR]|[COLOR ffff6347]tomato[/COLOR]|[COLOR 00000000]transparent[/COLOR]|[COLOR ff40e0d0]turquoise[/COLOR]|[COLOR ffee82ee]violet[/COLOR]|[COLOR fff5deb3]wheat[/COLOR]|[COLOR ffffffff]white[/COLOR]|[COLOR fff5f5f5]whitesmoke[/COLOR]|[COLOR ffffff00]yellow[/COLOR]|[COLOR ff9acd32]yellowgreen[/COLOR]|" default="[COLOR ff606060]black[/COLOR]" />
        <setting type='sep'/>
        <setting label='Appearance' type='lsep'/>
        <setting id="epg.video.pip" label="Small EPG Video Preview Window" type="bool" default="false" />
        <setting id="date.long" label="Show Long Date in EPG" type="bool" default="true" />
		<setting id="date.custom" label="Custom Date" type="bool" default="false" />
		<setting id="dummy.channels" label="Show dummy channels on final page" type="bool" default="true"/>
		<setting id="epg.box.spacing" label="Epg Program Title Box Spacing" type="labelenum" default="2" values="2|3|4|5|6|7|8|9|10"/>
		<setting id="update.progress" label="Update Notification Progress" type="bool" default="true" />
		<setting id="mouse.controls" label="Show Touch Control Buttons" type="bool" default="true" />
		<setting id="listing.sort.time" label="Sort Listings Views by Time" type="bool" default="true" />
		<setting id="listing.days" label="Listing View Future Days" default="1" type="number"  visible="true"/>
        <setting id="listing.hours" label="Listing View Previous Hours" type="number" default="6" />
        <setting id="epg.font" label="EPG Font" type="text" default="font13" />
        <setting type='sep'/>
        <!--setting label='Misc need to check if still required' type='lsep' visible="false" /-->
        <setting id="cat.order" label="Custom Category Order (use | to seperate)" type="text" default="" visible="false"/>
        <setting id="xmltv.offset" label="XMLTV Timezone Offset (minutes)" type="text" default="0" visible="false" />
        <setting id="xmltv.date" label="Treat 4 Digit Program Date as Movie" type="bool" default="true" visible="false" />
        <setting id="action.bar" label="Show Action Bar" type="bool" default="true" visible='false'/>
        <setting id="categories.remember" label="Remember Last Category" type="bool" default="true" visible="false"/>
        <setting id="channel.index.digits" label="Channel Shortcut Digits" default="3" type="number" visible="false"/>
	</category>
	<category label='Start up Notifications'>
		<setting label='Sub Expire warning' type='lsep'/>
		<setting id='expirewarnenable' label='Enable Exipre warnings Notifications' type='bool' default='true'/>
		<setting id='subexpirewarnday' label='1st Warning of Sub Expire' type='enum' values='28 days|14 days|7 days|3 days|1 day' default='2'/>
		<setting id='subexpirewarnhrs' label='2nd Warning of Sub Expire' type='enum' values='12 Hours| 24 Hours|48 Hours|72 Hours' default='1'/>
	</category>
</settings>


