<?xml version="1.1" encoding="UTF-8" standalone="yes"?>
<addon id="plugin.video.SportzTV"
       name="Sportz TV"
       version="1.1"
       provider-name="Sportz TV">
  <requires>
    <import addon="xbmc.python" version="2.1.0"/>
	<import addon="script.module.requests" />
  </requires>
  <extension point="xbmc.python.pluginsource"
            library="default.py">
        <provides>video</provides>
  </extension>
  <extension point="xbmc.addon.metadata">
    <summary lang="en">Sportz TV Kodi Addon</summary>
    <language>en</language>
    <description lang="en">Sportz TV Kodi Addon</description>
     <platform>all</platform>
  </extension>
</addon>