<?xml version="1.0" encoding="UTF-8" standalone="yes"?>
<addon id="script.video.hurricane2019"
       name="Hurricane 2019"
       version="1.1"
       provider-name="skybird1980">
  <requires>
    <import addon="xbmc.python" version="2.1.0"/>
  </requires>
  <extension point="xbmc.python.script" library="default.py">
        <provides>video</provides>
  </extension>
  <extension point="xbmc.addon.metadata">
    <summary lang="en">Hurricane 2019</summary>
    <description lang="en">This addon brings the Hurricane 2019 to your Kodi.</description>
	<summary lang="de">Hurricane 2019</summary>
    <description lang="de">Hurricane 2019 für dein Kodi.</description>
	<assets>
	<icon>logo.jpg</icon>
	</assets>
    <platform>all</platform>
  </extension>
</addon>