﻿<?xml version="1.0" encoding="UTF-8" standalone="yes"?>
<addon id="repository.notoco" name="notoco Kodi Add-ons Repository" version="1.1" provider-name="T">
    <extension point="xbmc.addon.repository" name="notoco Kodi Add-ons Repository">
        <dir>
            <info compressed="false">https://raw.githubusercontent.com/jsergio123/zips/master/addons.xml</info>
            <checksum>https://raw.githubusercontent.com/jsergio123/zips/master/addons.xml.md5</checksum>
            <datadir zip="true">https://raw.githubusercontent.com/jsergio123/zips/master/</datadir>
        </dir>
        <info compressed="false">https://raw.githubusercontent.com/notoco/ffl/master/addons.xml</info>
        <checksum>https://raw.githubusercontent.com/notoco/ffl/master/addons.xml.md5</checksum>
        <datadir zip="true">https://github.com/notoco/ffl/raw/master/zips</datadir>
    </extension>
    <extension point="xbmc.addon.metadata">
        <summary>notoco Repository</summary>
        <summary lang="pl">Repozytorium wtyczek notoco</summary>
        <summary lang="en">Addons repository</summary>
        <description>Unofficial, private Addons repository.</description>
        <disclaimer>Repository has non-comercial nature. Just for fun</disclaimer>
        <disclaimer lang="pl">Zawartość repozytorium ma charakter niekomercyjny, tworzone dla zabawy.</disclaimer>
        <platform>all</platform>
        <website>https://github.com/notoco/kodi/</website>
        <email></email>
    </extension>
</addon>
