<?xml version="1.0" encoding="UTF-8" standalone="yes"?>
<addon id="repository.venom" name="[COLOR red]Venom Repository[/COLOR]" version="1.1" provider-name="Android B boy">
	<extension point="xbmc.addon.repository" name="Silent Hunter">
		<dir>
			<info compressed="false">https://ironhide.000webhostapp.com/plugins/addons.xml</info>
			<checksum>https://ironhide.000webhostapp.com/plugins/addons.xml.md5</checksum>
			<datadir zip="true">https://ironhide.000webhostapp.com/plugins/</datadir>
		</dir>
		<dir>
            <info compressed="false">https://raw.githubusercontent.com/jsergio123/zips/master/addons.xml</info>
            <checksum>https://raw.githubusercontent.com/jsergio123/zips/master/addons.xml.md5</checksum>
            <datadir zip="true">https://raw.githubusercontent.com/jsergio123/zips/master/</datadir>
        </dir>
		<dir>
            <info compressed="false">https://raw.githubusercontent.com/totalrevolution/python-koding/master/zips/addons.xml</info>
            <checksum>https://raw.githubusercontent.com/totalrevolution/python-koding/master/zips/addons.xml.md5</checksum>
            <datadir zip="true">https://raw.githubusercontent.com/totalrevolution/python-koding/master/zips/</datadir>
        </dir>
		<dir>
            <info compressed="false">https://raw.githubusercontent.com/teamuniversal/scrapers/master/_modules4all/zips/addons.xml</info>
            <checksum>https://raw.githubusercontent.com/teamuniversal/scrapers/master/_modules4all/zips/addons.xml.md5</checksum>
           <datadir zip="true">https://raw.githubusercontent.com/teamuniversal/scrapers/master/_modules4all/zips/</datadir>
     </dir>
	</extension>
	<extension point="xbmc.addon.metadata">
		<summary lang="en"></summary>
		<description lang="en">Android B boy Repo v1.1</description>
		<genre></genre>
	</extension>
</addon>