<?xml version="1.0" encoding="UTF-8"?>
<window>
    <coordinates>
        <left>0</left>
        <top>0</top>
    </coordinates>
    <controls>
        <control type="group">
            <control type="image">
                <description>Background Image</description>
                <posx>0</posx>
                <posy>0</posy>
                <width>1920</width>
                <height>1080</height>
                <texture border="2">Background/loguploader-dialog-bg.png</texture>
            </control>
            <control type="image">
                <description>Dialog Header image</description>
                <posx>0</posx>
                <posy>0</posy>
                <width>1920</width>
                <height>60</height>
                <texture>Background/loguploader-white.png</texture>
            </control>
            <control type="image">
                <description>Dialog Header image</description>
                <posx>0</posx>
                <posy>1010</posy>
                <width>1920</width>
                <height>60</height>
                <texture>Background/loguploader-white.png</texture>
            </control>
            <control type="label" id="101">
                <description>header label</description>
                <posx>0</posx>
                <posy>0</posy>
                <width>1920</width>
                <height>60</height>
                <font>font13</font>
                <label></label>
                <align>center</align>
                <aligny>center</aligny>
            </control>
            <control type="textbox" id="102">
                <left>10</left>
                <top>70</top>
                <width>1870</width>
                <height>910</height>
                <font>font10</font>
                <align>left</align>
                <aligny>top</aligny>
                <pagecontrol>103</pagecontrol>
                <onup>205</onup>
                <ondown>205</ondown>
                <onleft>103</onleft>
                <onright>103</onright>
            </control>
            <control type="button" id="201">
                <left>20</left>
                <top>1015</top>
                <width>240</width>
                <height>50</height>
                <font>font12</font>
                <textcolor>FFF0F0F0</textcolor>
                <textoffsetx>20</textoffsetx>
                <label>Log hochladen</label>
                <align>center</align>
                <aligny>center</aligny>
                <texturefocus>Button/testbuttonfo.png</texturefocus>
                <texturenofocus>Button/testbuttonnf.png</texturenofocus>
                <onup>103</onup>
                <ondown>103</ondown>
                <onleft>205</onleft>
                <onright>202</onright>
            </control>
            <control type="button" id="202">
                <left>590</left>
                <top>1015</top>
                <width>240</width>
                <height>50</height>
                <font>font12</font>
                <textcolor>FFF0F0F0</textcolor>
                <textoffsetx>20</textoffsetx>
                <label>Kodi.Log</label>
                <align>center</align>
                <aligny>center</aligny>
                <texturefocus>Button/testbuttonfo.png</texturefocus>
                <texturenofocus>Button/testbuttonnf.png</texturenofocus>
                <onup>103</onup>
                <ondown>103</ondown>
                <onleft>201</onleft>
                <onright>203</onright>
            </control>
            <control type="button" id="203">
                <left>840</left>
                <top>1015</top>
                <width>240</width>
                <height>50</height>
                <font>font12</font>
                <textcolor>FFF0F0F0</textcolor>
                <textoffsetx>20</textoffsetx>
                <label>Kodi.Old.Log</label>
                <align>center</align>
                <aligny>center</aligny>
                <texturefocus>Button/testbuttonfo.png</texturefocus>
                <texturenofocus>Button/testbuttonnf.png</texturenofocus>
                <onup>103</onup>
                <ondown>103</ondown>
                <onleft>202</onleft>
                <onright>204</onright>
            </control>
            <control type="button" id="204">
                <left>1090</left>
                <top>1015</top>
                <width>240</width>
                <height>50</height>
                <font>font12</font>
                <textcolor>black</textcolor>
                <textoffsetx>20</textoffsetx>
                <label>Wizard.Log</label>
                <align>center</align>
                <aligny>center</aligny>
                <texturefocus>Button/testbuttonfo.png</texturefocus>
                <texturenofocus>Button/testbuttonnf.png</texturenofocus>
                <onup>103</onup>
                <ondown>103</ondown>
                <onleft>203</onleft>
                <onright>205</onright>
            </control>
            <control type="button" id="205">
                <left>1665</left>
                <top>1015</top>
                <width>240</width>
                <height>50</height>
                <font>font12</font>
                <textcolor>black</textcolor>
                <textoffsetx>20</textoffsetx>
                <label>Schliessen</label>
                <align>center</align>
                <aligny>center</aligny>
                <texturefocus>Button/testbuttonfo.png</texturefocus>
                <texturenofocus>Button/testbuttonnf.png</texturenofocus>
                <onup>103</onup>
                <ondown>103</ondown>
                <onleft>204</onleft>
                <onright>201</onright>
            </control>
        </control>
    </controls>
</window>