<?xml version="1.0" encoding="UTF-8" standalone="yes"?>
<addons>
<addon id="plugin.video.adulthideout" name="AdultHideout" version="0.8.7" provider-name="Vashiel">
    <requires>
    </requires>
    <extension point="xbmc.python.pluginsource"
               library="default.py">
        <provides>video</provides>
    </extension>
    <extension point="xbmc.addon.metadata">
        <news>
v  0.8.7 2018-05-18
- Really quick and rough update
- removed some of not working sites, will work on it later
        </news>
        <summary>[COLOR red]XXX[/COLOR] Porn videos</summary>
        <description>
Internet [COLOR red]XXX Porn Video[COLOR white] Streams.

[COLOR red][B]WARNING:[/B][COLOR red]Only for adults[/COLOR]

[COLOR white]Github:
https://github.com/Vashiel/repository.adulthideout

Email:
adulthideout@yandex.com[/COLOR]

		</description>
		<disclaimer>
		</disclaimer>
		<platform>all</platform>
		<license>http://www.gnu.org/licenses/</license>
		<forum></forum>
		<website></website>
		<email></email>
		<mainsource>https://github.com/Vashiel/repository.adulthideout</mainsource>
		<source></source>
    </extension>
</addon>

<addon id="repository.adulthideout" name="AdultHideout REPO" version="1.0.1" provider-name="Vashiel">
	<extension point="xbmc.addon.repository" name="AdultHideout Addon Repository">
		<info compressed="false">https://github.com/Vashiel/repository.adulthideout/raw/master/addons.xml</info>
		<checksum>https://github.com/Vashiel/repository.adulthideout/raw/master/addons.xml.md5</checksum>
		<datadir zip="true">https://github.com/Vashiel/repository.adulthideout/raw/master/zips</datadir>
	</extension>
	<extension point="xbmc.addon.metadata">
		<summary>AdultHideout Addon Repository</summary>
		<description>First Try for a Adult Kodi Addon</description>
		<platform>all</platform>
	</extension>
</addon>
</addons>
