<?xml version="1.0" encoding="UTF-8" standalone="yes"?>
<addon id="plugin.program.systemassistent" name="KOVOO SYSTEMASSISTENT" version="4.0.1" provider-name="KodiSkills">
  <requires>
    <import addon="xbmc.python" version="2.1.0"/>
  </requires>
  <extension point="xbmc.python.pluginsource" library="default.py">
    <provides>executable</provides>
  </extension>
  <extension point="xbmc.service" library="startup.py" start="startup" />
  <extension point="xbmc.addon.metadata">
    <summary lang="en">KOVOO SYSTEMASSISTENT</summary>
    <description lang="en">SYSTEMADDON FUER KOVOO</description>
    <platform>all</platform>
  </extension>
</addon>