<?xml version="1.1" encoding="UTF-8" standalone="yes"?>
<addon id="plugin.video.premiumacetv"
       name="[COLOR blue]Ace Tv Premium[/COLOR]"
       version="4.0"
       provider-name="Firestickplusman">
  <requires>
    <import addon="xbmc.python" version="2.1.0"/>
  </requires>
  <extension point="xbmc.python.pluginsource"
            library="default.py">
        <provides>video</provides>
  </extension>
  <extension point="xbmc.addon.metadata">
    <summary lang="en">Ace Tv Premium</summary>
    <language>en</language>
    <description lang="en">Ace Tv Premium Brings you the best IPTV and Entertainment at an unbeatable price.</description>
     <platform>all</platform>
  </extension>
</addon>
