<?xml version="1.0" encoding="UTF-8"?>
<addon id="repository.pinoelefante" name="pinoelefante's KODI Repository" version="1.0.0" provider-name="pinoelefante">
    <extension point="xbmc.addon.repository" name="pinoelefante's KODI Repository">
        <info compressed="false">http://pinoelefante.altervista.org/kodi_repo/addons.xml</info>
        <checksum>http://pinoelefante.altervista.org/kodi_repo/addons.xml.md5</checksum>
        <datadir zip="true">http://pinoelefante.altervista.org/kodi_repo/files/</datadir>
        <hashes>false</hashes>
    </extension>
    <extension point="xbmc.addon.metadata">
        <summary>Repository di pinoelefante</summary>
        <description>Repository di pinoelefante, contenente gli addon per TIMVision e altri</description>
        <platform>all</platform>
    </extension>
</addon>