<?xml version="1.0" encoding="UTF-8"?>
    <addon id="repository.insomniacs" name="[B][COLOR yellow]Insomniacs[/COLOR] [COLOR purple]Repository[/COLOR] [/B]" version="3.5.0" provider-name="Team-Insomniacs">
        <requires>
            <import addon="xbmc.addon" version="12.0.0"/>
        </requires>
        <extension point="xbmc.addon.repository" name="[B][COLOR yellow]Insomniacs[/COLOR] [COLOR purple]Repository[/COLOR] [/B]">
            <info compressed="false">http://wiz.insomniacs.party/_repo/addons.xml</info>
            <checksum>http://wiz.insomniacs.party/_repo/addons.xml.md5</checksum>
            <datadir zip="true">http://wiz.insomniacs.party/_repo/</datadir>
            <hashes>false</hashes>
        </extension>
        <extension point="xbmc.addon.metadata">
            <summary>The Official Insomniacs Repository.</summary>
            <description>Insomniacs Wizard - Great maintenance Wizard, with stunning Builds, which are constantly well updated. Also, many new features, for 'How To Guides', News, Info, and Support visit: www.insomniacs.website</description>
            <platform>all</platform>
    </extension>
</addon>